Programma;Zender;Datum;Start;Duur;Kijkcijfers;ranking;period;reportType
JONAS & JELLE, FROM ZERO TO HERO;VTM2;2025-05-25;1325.0;50.0;204436;15;daily;north
DE TAFEL VAN GERT;PLAY4;2025-05-26;1199.0;66.0;205576;19;daily;north
DAGELIJKSE KOST;VRT 1;2025-05-26;1091.0;16.0;285401;14;daily;north
HET 1 UUR-JOURNAAL;VRT 1;2025-05-26;780.0;31.0;353385;11;daily;north
HET JOURNAAL LAAT;VRT 1;2025-05-26;1332.0;27.0;251468;15;daily;north
ZELFDE DEUR, 20 JAAR LATER;VRT 1;2025-05-26;1290.0;40.0;470558;10;daily;north
CAMPUS CUP;VRT CANVAS;2025-05-26;1354.0;49.0;305759;12;daily;north
DE AFSPRAAK;VRT CANVAS;2025-05-26;1236.0;49.0;236849;16;daily;north
TER ZAKE;VRT CANVAS;2025-05-26;1200.0;33.0;186411;20;daily;north
BAR GOENS;VTM;2025-05-26;1322.0;50.0;209582;18;daily;north
MILO;VTM;2025-05-26;1103.0;24.0;288340;13;daily;north
NIEUWS 13U VTM;VTM;2025-05-26;780.0;32.0;232622;17;daily;north
ASSISEN;PLAY4;2025-05-27;1281.0;39.0;497516;9;daily;north
DE TAFEL VAN GERT;PLAY4;2025-05-27;1199.0;70.0;244259;16;daily;north
BLOKKEN;VRT 1;2025-05-27;1109.0;28.0;556020;8;daily;north
DAGELIJKSE KOST;VRT 1;2025-05-27;1091.0;16.0;303250;11;daily;north
HET 1 UUR-JOURNAAL;VRT 1;2025-05-27;780.0;29.0;360089;10;daily;north
HET 7 UUR-JOURNAAL;VRT 1;2025-05-27;1140.0;47.0;883041;2;daily;north
IEDEREEN BEROEMD;VRT 1;2025-05-27;1188.0;20.0;654408;5;daily;north
MET DE WIND MEE;VRT 1;2025-05-27;1243.0;43.0;697502;4;daily;north
POLITIE 24/7;VRT 1;2025-05-27;1286.0;44.0;253583;13;daily;north
RECHT OP RECHT;VRT 1;2025-05-27;1026.0;57.0;196964;19;daily;north
THUIS;VRT 1;2025-05-27;1216.0;26.0;992198;1;daily;north
CAMPUS CUP;VRT CANVAS;2025-05-27;1328.0;48.0;288047;12;daily;north
TER ZAKE;VRT CANVAS;2025-05-27;1200.0;34.0;194878;20;daily;north
BAR GOENS;VTM;2025-05-27;1313.0;48.0;250736;15;daily;north
FAMILIE;VTM;2025-05-27;1208.0;25.0;594156;6;daily;north
HUIS GEMAAKT;VTM;2025-05-27;1242.0;53.0;711493;3;daily;north
MILO;VTM;2025-05-27;1103.0;25.0;252415;14;daily;north
NIEUWS 13U VTM;VTM;2025-05-27;780.0;29.0;224610;18;daily;north
NIEUWS 19U VTM;VTM;2025-05-27;1140.0;55.0;585067;7;daily;north
VLAAMSE CAMPINGS IN HET BUITENLAND;VTM2;2025-05-27;1301.0;43.0;226876;17;daily;north
DE TAFEL VAN GERT;PLAY4;2025-05-28;1199.0;69.0;238187;16;daily;north
VIVA LA FETA;PLAY4;2025-05-28;1281.0;52.0;527369;6;daily;north
BLOKKEN;VRT 1;2025-05-28;1109.0;28.0;487915;8;daily;north
DAGELIJKSE KOST;VRT 1;2025-05-28;1092.0;15.0;277390;12;daily;north
FIRST DATES;VRT 1;2025-05-28;1308.0;45.0;178741;19;daily;north
HET 1 UUR-JOURNAAL;VRT 1;2025-05-28;780.0;24.0;329305;10;daily;north
HET 7 UUR-JOURNAAL;VRT 1;2025-05-28;1140.0;45.0;746646;2;daily;north
HET JOURNAAL LAAT;VRT 1;2025-05-28;1354.0;33.0;205282;18;daily;north
IEDEREEN BEROEMD;VRT 1;2025-05-28;1188.0;22.0;554490;4;daily;north
ONS HUIS, NIEUW HUIS;VRT 1;2025-05-28;1243.0;64.0;738041;3;daily;north
RECHT OP RECHT;VRT 1;2025-05-28;1030.0;53.0;173900;20;daily;north
THUIS;VRT 1;2025-05-28;1220.0;23.0;955431;1;daily;north
CAMPUS CUP;VRT CANVAS;2025-05-28;1324.0;46.0;252297;14;daily;north
BAR GOENS;VTM;2025-05-28;1311.0;50.0;239338;15;daily;north
FAMILIE;VTM;2025-05-28;1206.0;25.0;514174;7;daily;north
MILO;VTM;2025-05-28;1104.0;24.0;272562;13;daily;north
NIEUWS 13U VTM;VTM;2025-05-28;780.0;25.0;231257;17;daily;north
NIEUWS 19U VTM;VTM;2025-05-28;1140.0;54.0;530296;5;daily;north
WAT VERDIENT VLAANDEREN?;VTM;2025-05-28;1240.0;55.0;466433;9;daily;north
EEN ECHTE JOB, VROEDVROUW AN;VTM2;2025-05-28;1301.0;52.0;317733;11;daily;north
DE TAFEL VAN GERT;PLAY4;2025-05-29;1199.0;66.0;238644;16;daily;north
JUNIOR BAKE OFF VLAANDEREN;PLAY4;2025-05-29;1277.0;46.0;232438;18;daily;north
112 HULP IS ONDERWEG;VRT 1;2025-05-29;1278.0;46.0;221043;19;daily;north
BLOKKEN;VRT 1;2025-05-29;1109.0;28.0;466516;7;daily;north
DAGELIJKSE KOST;VRT 1;2025-05-29;1092.0;15.0;307237;10;daily;north
HET 1 UUR-JOURNAAL;VRT 1;2025-05-29;780.0;25.0;363063;9;daily;north
HET 7 UUR-JOURNAAL;VRT 1;2025-05-29;1140.0;39.0;806825;2;daily;north
HET JOURNAAL LAAT;VRT 1;2025-05-29;1325.0;16.0;267821;14;daily;north
IEDEREEN BEROEMD;VRT 1;2025-05-29;1180.0;20.0;559617;4;daily;north
RECHT OP RECHT;VRT 1;2025-05-29;1034.0;49.0;235919;17;daily;north
THUIS;VRT 1;2025-05-29;1205.0;25.0;935410;1;daily;north
WONDER BOVEN WONDER;VRT 1;2025-05-29;1231.0;44.0;444456;8;daily;north
CAMPUS CUP;VRT CANVAS;2025-05-29;1352.0;49.0;243680;15;daily;north
BAR GOENS;VTM;2025-05-29;1323.0;44.0;301106;11;daily;north
FAMILIE;VTM;2025-05-29;1205.0;25.0;551208;5;daily;north
HUIS GEMAAKT;VTM;2025-05-29;1240.0;66.0;694184;3;daily;north
MILO;VTM;2025-05-29;1103.0;25.0;272251;13;daily;north
NIEUWS 13U VTM;VTM;2025-05-29;780.0;26.0;285468;12;daily;north
NIEUWS 19U VTM;VTM;2025-05-29;1140.0;54.0;525979;6;daily;north
TELEFACTS;VTM;2025-05-29;1372.0;59.0;176256;20;daily;north
CYCL. GIRO D'ITALIA;EUROSPORT 1 (NL);2025-05-30;720.0;301.0;119933;19;daily;north
THE REAL HOUSEWIVES OF ANTWERP;PLAY4;2025-05-30;1240.0;57.0;288302;10;daily;north
BLOKKEN;VRT 1;2025-05-30;1110.0;28.0;417747;7;daily;north
DAGELIJKSE KOST;VRT 1;2025-05-30;1092.0;15.0;192532;12;daily;north
DE CLUB;VRT 1;2025-05-30;1286.0;29.0;109696;20;daily;north
GIRO MAGAZINE;VRT 1;2025-05-30;1340.0;16.0;168761;15;daily;north
HET 1 UUR-JOURNAAL;VRT 1;2025-05-30;780.0;33.0;357288;9;daily;north
HET 7 UUR-JOURNAAL;VRT 1;2025-05-30;1140.0;46.0;624214;2;daily;north
HET JOURNAAL LAAT;VRT 1;2025-05-30;1318.0;17.0;160589;16;daily;north
IEDEREEN BEROEMD;VRT 1;2025-05-30;1188.0;20.0;528091;4;daily;north
IK HEB HET U LETTERLIJK JUIST GEZEGD;VRT 1;2025-05-30;1361.0;48.0;158146;17;daily;north
LA VIE EN ROSE;VRT 1;2025-05-30;1239.0;46.0;366614;8;daily;north
THUIS;VRT 1;2025-05-30;1215.0;22.0;921939;1;daily;north
RIDLEY;VRT CANVAS;2025-05-30;1359.0;89.0;228356;11;daily;north
TER ZAKE;VRT CANVAS;2025-05-30;1200.0;25.0;137635;18;daily;north
EEN ECHTE JOB, VROEDVROUW AN;VTM;2025-05-30;1353.0;52.0;175223;14;daily;north
FAMILIE;VTM;2025-05-30;1206.0;25.0;554981;3;daily;north
I CAN SEE YOUR VOICE;VTM;2025-05-30;1240.0;90.0;434434;6;daily;north
NIEUWS 13U VTM;VTM;2025-05-30;780.0;30.0;189517;13;daily;north
NIEUWS 19U VTM;VTM;2025-05-30;1140.0;53.0;457635;5;daily;north
CYCL. GIRO D'ITALIA;EUROSPORT 1 (NL);2025-05-31;630.0;316.0;132210;17;daily;north
KOP OVER KOP;EUROSPORT 1 (NL);2025-05-31;987.0;25.0;210235;11;daily;north
A MAN CALLED OTTO;PLAY4;2025-05-31;1230.0;115.0;202897;12;daily;north
CHANTAL;VRT 1;2025-05-31;1258.0;49.0;344294;6;daily;north
DE JAREN 80 VOOR TIENERS;VRT 1;2025-05-31;1308.0;57.0;230414;9;daily;north
DE MARKT;VRT 1;2025-05-31;756.0;22.0;155901;15;daily;north
DOWN THE ROAD;VRT 1;2025-05-31;1088.0;51.0;129563;18;daily;north
FC DE KAMPIOENEN;VRT 1;2025-05-31;1225.0;30.0;509251;2;daily;north
GYM. EK. TURKIJE H.;VRT 1;2025-05-31;816.0;176.0;97853;20;daily;north
HET 1 UUR-JOURNAAL;VRT 1;2025-05-31;780.0;28.0;339230;7;daily;north
HET 7 UUR-JOURNAAL;VRT 1;2025-05-31;1140.0;40.0;596081;1;daily;north
HET JOURNAAL LAAT;VRT 1;2025-05-31;1368.0;17.0;221156;10;daily;north
IEDEREEN BEROEMD;VRT 1;2025-05-31;1193.0;31.0;375902;5;daily;north
RECHT OP RECHT;VRT 1;2025-05-31;1021.0;49.0;152890;16;daily;north
HET ECHTE LEVEN IN DE ZOO;VTM;2025-05-31;1197.0;26.0;260125;8;daily;north
JONAS & JELLE, FROM ZERO TO HERO;VTM;2025-05-31;1233.0;50.0;189463;13;daily;north
NIEUWS 13U VTM;VTM;2025-05-31;780.0;30.0;174662;14;daily;north
NIEUWS 19U VTM;VTM;2025-05-31;1140.0;46.0;388673;4;daily;north
TITANIC;VTM;2025-05-31;1296.0;179.0;114232;19;daily;north
VB. C1 UEFA FIN - PARIS ST-G./INT.MILAAN;VTM2;2025-05-31;1261.0;93.0;411986;3;daily;north
CYCL. GIRO D'ITALIA;EUROSPORT 1 (NL);2025-06-01;994.0;129.0;186106;15;daily;north
GEUBELS EN DE BELGEN;PLAY4;2025-06-01;1230.0;33.0;120084;19;daily;north
NCIS, SYDNEY;PLAY5;2025-06-01;1225.0;40.0;142261;18;daily;north
ANDERMANS ZAKEN;VRT 1;2025-06-01;817.0;51.0;143942;17;daily;north
CHATEAU PLANCKAERT;VRT 1;2025-06-01;1214.0;41.0;917831;1;daily;north
DAGELIJKSE KOST;VRT 1;2025-06-01;1091.0;45.0;174195;16;daily;north
DE NOODCENTRALE;VRT 1;2025-06-01;1304.0;41.0;266879;11;daily;north
DE ZEVENDE DAG;VRT 1;2025-06-01;660.0;117.0;290707;8;daily;north
FLIKKEN MAASTRICHT;VRT 1;2025-06-01;1257.0;46.0;554305;5;daily;north
GIRO MAGAZINE;VRT 1;2025-06-01;1372.0;19.0;114057;20;daily;north
HET 1 UUR-JOURNAAL;VRT 1;2025-06-01;780.0;29.0;411572;7;daily;north
HET 7 UUR-JOURNAAL;VRT 1;2025-06-01;1140.0;25.0;765680;3;daily;north
HET JOURNAAL LAAT;VRT 1;2025-06-01;1348.0;16.0;235191;12;daily;north
SPORTWEEKEND;VRT 1;2025-06-01;1166.0;40.0;688936;4;daily;north
APPLES NEVER FALL;VRT CANVAS;2025-06-01;1200.0;44.0;203757;14;daily;north
ALLOO BIJ DE VERKEERSPOLITIE;VTM;2025-06-01;1340.0;57.0;288772;9;daily;north
DANCING WITH THE STARS;VTM;2025-06-01;1197.0;116.0;907438;2;daily;north
NIEUWS 13U VTM;VTM;2025-06-01;780.0;35.0;223519;13;daily;north
NIEUWS 19U VTM;VTM;2025-06-01;1140.0;46.0;518019;6;daily;north
JONAS & JELLE, FROM ZERO TO HERO;VTM2;2025-06-01;1332.0;57.0;280053;10;daily;north
DAGELIJKSE KOST;VRT 1;2025-06-02;1092.0;15.0;214520;18;daily;north
HET 1 UUR-JOURNAAL;VRT 1;2025-06-02;780.0;30.0;369324;12;daily;north
HET JOURNAAL LAAT;VRT 1;2025-06-02;1329.0;27.0;261486;14;daily;north
RECHT OP RECHT;VRT 1;2025-06-02;1024.0;60.0;181921;20;daily;north
ZELFDE DEUR, 20 JAAR LATER;VRT 1;2025-06-02;1286.0;41.0;467027;10;daily;north
CAMPUS CUP;VRT CANVAS;2025-06-02;1331.0;49.0;302937;13;daily;north
DE AFSPRAAK;VRT CANVAS;2025-06-02;1234.0;50.0;230944;16;daily;north
TER ZAKE;VRT CANVAS;2025-06-02;1200.0;31.0;216114;17;daily;north
MILO;VTM;2025-06-02;1206.0;24.0;404691;11;daily;north
NIEUWS 13U VTM;VTM;2025-06-02;780.0;28.0;241722;15;daily;north
ONDERZOEKSRECHTERS;VTM;2025-06-02;1349.0;49.0;196071;19;daily;north
BLOKKEN;VRT 1;2025-06-03;1109.0;28.0;403430;8;daily;north
DAGELIJKSE KOST;VRT 1;2025-06-03;1092.0;15.0;233099;15;daily;north
HET 1 UUR-JOURNAAL;VRT 1;2025-06-03;780.0;31.0;305259;10;daily;north
HET 7 UUR-JOURNAAL;VRT 1;2025-06-03;1140.0;46.0;737782;2;daily;north
HET JOURNAAL LAAT;VRT 1;2025-06-03;1336.0;29.0;256178;14;daily;north
IEDEREEN BEROEMD;VRT 1;2025-06-03;1187.0;23.0;596499;6;daily;north
MET DE WIND MEE;VRT 1;2025-06-03;1241.0;47.0;705750;3;daily;north
POLITIE 24/7;VRT 1;2025-06-03;1290.0;44.0;302135;11;daily;north
THUIS;VRT 1;2025-06-03;1216.0;24.0;944612;1;daily;north
CAMPUS CUP;VRT CANVAS;2025-06-03;1335.0;49.0;289518;12;daily;north
DE AFSPRAAK;VRT CANVAS;2025-06-03;1240.0;51.0;221195;17;daily;north
TER ZAKE;VRT CANVAS;2025-06-03;1199.0;36.0;212546;19;daily;north
THERAPIE;VRT CANVAS;2025-06-03;1293.0;39.0;197937;20;daily;north
FAMILIE;VTM;2025-06-03;1238.0;26.0;618664;5;daily;north
GOOISCHE VROUWEN;VTM;2025-06-03;1326.0;45.0;227867;16;daily;north
HUIS GEMAAKT;VTM;2025-06-03;1275.0;39.0;641558;4;daily;north
MILO;VTM;2025-06-03;1203.0;25.0;352934;9;daily;north
NIEUWS 13U VTM;VTM;2025-06-03;780.0;27.0;220663;18;daily;north
NIEUWS 19U VTM;VTM;2025-06-03;1140.0;50.0;515568;7;daily;north
VLAAMSE CAMPINGS IN HET BUITENLAND;VTM2;2025-06-03;1293.0;42.0;276226;13;daily;north
VIVA LA FETA;PLAY4;2025-06-04;1275.0;54.0;534367;7;daily;north
BLOKKEN;VRT 1;2025-06-04;1110.0;28.0;497126;9;daily;north
DAGELIJKSE KOST;VRT 1;2025-06-04;1093.0;16.0;305801;13;daily;north
HET 1 UUR-JOURNAAL;VRT 1;2025-06-04;780.0;27.0;323523;11;daily;north
HET 7 UUR-JOURNAAL;VRT 1;2025-06-04;1140.0;47.0;803850;2;daily;north
HET JOURNAAL LAAT;VRT 1;2025-06-04;1354.0;28.0;186527;20;daily;north
IEDEREEN BEROEMD;VRT 1;2025-06-04;1189.0;21.0;640113;5;daily;north
ONS HUIS, NIEUW HUIS;VRT 1;2025-06-04;1244.0;62.0;692627;4;daily;north
RECHT OP RECHT;VRT 1;2025-06-04;1031.0;53.0;212877;17;daily;north
THUIS;VRT 1;2025-06-04;1219.0;24.0;957906;1;daily;north
CAMPUS CUP;VRT CANVAS;2025-06-04;1325.0;47.0;294165;14;daily;north
DE AFSPRAAK;VRT CANVAS;2025-06-04;1235.0;42.0;207933;18;daily;north
TER ZAKE;VRT CANVAS;2025-06-04;1200.0;32.0;201175;19;daily;north
FAMILIE;VTM;2025-06-04;1241.0;25.0;609235;6;daily;north
HET HEIZEL DRAMA;VTM;2025-06-04;1329.0;54.0;282248;15;daily;north
HUIS GEMAAKT;VTM;2025-06-04;1276.0;42.0;732625;3;daily;north
MILO;VTM;2025-06-04;1208.0;25.0;347995;10;daily;north
NIEUWS 13U VTM;VTM;2025-06-04;780.0;27.0;240495;16;daily;north
NIEUWS 19U VTM;VTM;2025-06-04;1140.0;55.0;503361;8;daily;north
EEN ECHTE JOB, VROEDVROUW AN;VTM2;2025-06-04;1301.0;50.0;316389;12;daily;north
JUNIOR BAKE OFF VLAANDEREN;PLAY4;2025-06-05;1275.0;42.0;251168;15;daily;north
112 HULP IS ONDERWEG;VRT 1;2025-06-05;1284.0;45.0;316227;12;daily;north
BLOKKEN;VRT 1;2025-06-05;1109.0;28.0;521218;7;daily;north
DAGELIJKSE KOST;VRT 1;2025-06-05;1092.0;16.0;290801;13;daily;north
HET 1 UUR-JOURNAAL;VRT 1;2025-06-05;780.0;25.0;368394;10;daily;north
HET 7 UUR-JOURNAAL;VRT 1;2025-06-05;1140.0;41.0;818114;2;daily;north
HET JOURNAAL LAAT;VRT 1;2025-06-05;1331.0;24.0;224530;16;daily;north
IEDEREEN BEROEMD;VRT 1;2025-06-05;1182.0;22.0;577393;4;daily;north
RECHT OP RECHT;VRT 1;2025-06-05;1026.0;58.0;190398;18;daily;north
THUIS;VRT 1;2025-06-05;1211.0;24.0;976830;1;daily;north
WONDER BOVEN WONDER;VRT 1;2025-06-05;1237.0;46.0;452050;8;daily;north
CAMPUS CUP;VRT CANVAS;2025-06-05;1337.0;48.0;337374;11;daily;north
DE AFSPRAAK;VRT CANVAS;2025-06-05;1236.0;46.0;166015;20;daily;north
TER ZAKE;VRT CANVAS;2025-06-05;1200.0;33.0;214984;17;daily;north
FAMILIE;VTM;2025-06-05;1239.0;25.0;541325;6;daily;north
GOOISCHE VROUWEN;VTM;2025-06-05;1323.0;45.0;176760;19;daily;north
HUIS GEMAAKT;VTM;2025-06-05;1274.0;38.0;591200;3;daily;north
MILO;VTM;2025-06-05;1204.0;25.0;411229;9;daily;north
NIEUWS 13U VTM;VTM;2025-06-05;780.0;27.0;260043;14;daily;north
NIEUWS 19U VTM;VTM;2025-06-05;1140.0;52.0;547882;5;daily;north
CHATEAU MEILAND LA DOLCE VITA;PLAY4;2025-06-06;1240.0;41.0;210216;13;daily;north
BLOKKEN;VRT 1;2025-06-06;1110.0;28.0;537169;6;daily;north
DAGELIJKSE KOST;VRT 1;2025-06-06;1092.0;16.0;295696;10;daily;north
DE CLUB;VRT 1;2025-06-06;1289.0;32.0;140010;20;daily;north
FLIKKEN MAASTRICHT;VRT 1;2025-06-06;874.0;47.0;175819;17;daily;north
HET 1 UUR-JOURNAAL;VRT 1;2025-06-06;780.0;24.0;369641;9;daily;north
HET 7 UUR-JOURNAAL;VRT 1;2025-06-06;1140.0;46.0;790288;2;daily;north
IEDEREEN BEROEMD;VRT 1;2025-06-06;1188.0;22.0;615414;4;daily;north
IK HEB HET U LETTERLIJK JUIST GEZEGD;VRT 1;2025-06-06;1356.0;53.0;190946;15;daily;north
LA VIE EN ROSE;VRT 1;2025-06-06;1241.0;47.0;376405;8;daily;north
RECHT OP RECHT;VRT 1;2025-06-06;1029.0;54.0;188835;16;daily;north
THUIS;VRT 1;2025-06-06;1215.0;24.0;999121;1;daily;north
DE AFSPRAAK;VRT CANVAS;2025-06-06;1237.0;52.0;169509;18;daily;north
RIDLEY;VRT CANVAS;2025-06-06;1292.0;89.0;288960;11;daily;north
TER ZAKE;VRT CANVAS;2025-06-06;1200.0;34.0;215378;12;daily;north
DE BUURTPOLITIE, DE KLOK TIKT;VTM;2025-06-06;1104.0;24.0;145108;19;daily;north
LILI EN MARLEEN;VTM;2025-06-06;1191.0;26.0;429322;7;daily;north
NIEUWS 13U VTM;VTM;2025-06-06;780.0;27.0;192020;14;daily;north
NIEUWS 19U VTM;VTM;2025-06-06;1140.0;43.0;542595;5;daily;north
VB. WK. KWALIF - NOORD-MACEDONIE/BELGIE;VTM;2025-06-06;1247.0;96.0;748068;3;daily;north
THE FABELMANS;PLAY4;2025-06-07;1230.0;138.0;104444;20;daily;north
CHANTAL;VRT 1;2025-06-07;1252.0;47.0;427923;5;daily;north
DE JAREN 80 VOOR TIENERS;VRT 1;2025-06-07;1300.0;54.0;298492;8;daily;north
DE MARKT;VRT 1;2025-06-07;751.0;27.0;158543;17;daily;north
DOWN THE ROAD;VRT 1;2025-06-07;1089.0;50.0;248012;10;daily;north
FC DE KAMPIOENEN;VRT 1;2025-06-07;1220.0;30.0;602006;2;daily;north
HET 1 UUR-JOURNAAL;VRT 1;2025-06-07;780.0;25.0;405832;7;daily;north
HET 7 UUR-JOURNAAL;VRT 1;2025-06-07;1140.0;35.0;643948;1;daily;north
HET JOURNAAL LAAT;VRT 1;2025-06-07;1355.0;20.0;228639;13;daily;north
IEDEREEN BEROEMD;VRT 1;2025-06-07;1186.0;32.0;432067;4;daily;north
WIELRENNEN. ANTWERPEN PORT EPIC D.;VRT 1;2025-06-07;812.0;136.0;229524;12;daily;north
WIELRENNEN. HEISTSE PIJL D.;VRT 1;2025-06-07;947.0;111.0;265758;9;daily;north
KOSOVO, DE VOLGENDE OORLOG?;VRT CANVAS;2025-06-07;1211.0;38.0;109290;19;daily;north
THE CONTROL ROOM;VRT CANVAS;2025-06-07;1252.0;80.0;178575;14;daily;north
FREE GUY;VTM;2025-06-07;1315.0;102.0;169286;15;daily;north
JONAS & JELLE, FROM ZERO TO HERO;VTM;2025-06-07;1239.0;57.0;157762;18;daily;north
LILI EN MARLEEN;VTM;2025-06-07;1200.0;28.0;424825;6;daily;north
NIEUWS 13U VTM;VTM;2025-06-07;780.0;26.0;233711;11;daily;north
NIEUWS 19U VTM;VTM;2025-06-07;1140.0;47.0;433252;3;daily;north
BLACKLIGHT;VTM2;2025-06-07;1225.0;92.0;167901;16;daily;north
GEUBELS EN DE BELGEN;PLAY4;2025-06-08;1230.0;32.0;149551;19;daily;north
NCIS;PLAY5;2025-06-08;1278.0;41.0;149841;18;daily;north
BASKET. BNXT LEAGUE (S.);VRT 1;2025-06-08;1056.0;15.0;154730;17;daily;north
CHATEAU PLANCKAERT;VRT 1;2025-06-08;1200.0;40.0;944808;1;daily;north
DAGELIJKSE KOST;VRT 1;2025-06-08;1092.0;45.0;185535;16;daily;north
DE NOODCENTRALE;VRT 1;2025-06-08;1292.0;40.0;340533;10;daily;north
FLIKKEN MAASTRICHT;VRT 1;2025-06-08;1242.0;49.0;572419;4;daily;north
HET 1 UUR-JOURNAAL;VRT 1;2025-06-08;780.0;22.0;368394;9;daily;north
HET 7 UUR-JOURNAAL;VRT 1;2025-06-08;1140.0;23.0;627496;2;daily;north
HET JOURNAAL LAAT;VRT 1;2025-06-08;1335.0;18.0;284826;12;daily;north
SPORTWEEKEND;VRT 1;2025-06-08;1163.0;30.0;613944;3;daily;north
WIELRENNEN. BRUSSELS CYCLING CLASSIC;VRT 1;2025-06-08;900.0;155.0;331669;11;daily;north
WIELRENNEN. CRITERIUM DU DAUPHINE - RIT 1 DOMERAT>MONTLUCON;VRT 1;2025-06-08;812.0;88.0;422137;6;daily;north
APPLES NEVER FALL;VRT CANVAS;2025-06-08;1200.0;48.0;205356;15;daily;north
LILI EN MARLEEN;VTM;2025-06-08;1198.0;24.0;388498;8;daily;north
NIEUWS 13U VTM;VTM;2025-06-08;780.0;38.0;236498;14;daily;north
NIEUWS 19U VTM;VTM;2025-06-08;1140.0;47.0;432054;5;daily;north
VB. NATIONS LEAGUE UEFA FIN - PORTUGAL/SPANJE;VTM;2025-06-08;1260.0;144.0;394593;7;daily;north
JONAS & JELLE, FROM ZERO TO HERO;VTM2;2025-06-08;1262.0;62.0;261977;13;daily;north
VLAAMSE CAMPINGS IN HET BUITENLAND;VTM2;2025-06-08;1339.0;42.0;145325;20;daily;north
DAGELIJKSE KOST;VRT 1;2025-06-09;1091.0;15.0;228964;15;daily;north
DE PLAYLIST;VRT 1;2025-06-09;1052.0;31.0;192646;18;daily;north
HET 1 UUR-JOURNAAL;VRT 1;2025-06-09;780.0;28.0;361694;12;daily;north
HET JOURNAAL LAAT;VRT 1;2025-06-09;1325.0;16.0;247149;13;daily;north
WIELRENNEN. ANTWERPEN PORT EPIC;VRT 1;2025-06-09;820.0;139.0;231707;14;daily;north
WIELRENNEN. CRITERIUM DU DAUPHINE - RIT 2 PREMILHAT>ISSOIRE;VRT 1;2025-06-09;961.0;90.0;362227;11;daily;north
CAMPUS CUP;VRT CANVAS;2025-06-09;1311.0;49.0;207997;17;daily;north
THE AMERICAS;VRT CANVAS;2025-06-09;1267.0;42.0;150039;19;daily;north
MILO;VTM;2025-06-09;1192.0;23.0;390265;10;daily;north
NIEUWS 13U VTM;VTM;2025-06-09;780.0;25.0;209332;16;daily;north
VB. WK. KWALIF - BELGIE/WALES;VTM;2025-06-09;1246.0;105.0;801992;2;daily;north
TRACKER;VTM2;2025-06-09;1288.0;39.0;148415;20;daily;north
BLOKKEN;VRT 1;2025-06-10;1110.0;28.0;494071;7;daily;north
DAGELIJKSE KOST;VRT 1;2025-06-10;1093.0;16.0;250821;14;daily;north
HET 1 UUR-JOURNAAL;VRT 1;2025-06-10;780.0;27.0;356019;9;daily;north
HET 7 UUR-JOURNAAL;VRT 1;2025-06-10;1140.0;45.0;795058;2;daily;north
HET JOURNAAL LAAT;VRT 1;2025-06-10;1326.0;27.0;243322;15;daily;north
IEDEREEN BEROEMD;VRT 1;2025-06-10;1187.0;21.0;602775;4;daily;north
MET DE WIND MEE;VRT 1;2025-06-10;1237.0;41.0;743368;3;daily;north
POLITIE 24/7;VRT 1;2025-06-10;1280.0;44.0;256084;13;daily;north
THUIS;VRT 1;2025-06-10;1212.0;24.0;932551;1;daily;north
WIELRENNEN. CRITERIUM DU DAUPHINE - RIT 3 BRIOUDE>CHARANTONNAY;VRT 1;2025-06-10;955.0;87.0;242778;16;daily;north
CAMPUS CUP;VRT CANVAS;2025-06-10;1334.0;48.0;318026;10;daily;north
DE AFSPRAAK;VRT CANVAS;2025-06-10;1238.0;47.0;181499;20;daily;north
TER ZAKE;VRT CANVAS;2025-06-10;1200.0;36.0;207586;18;daily;north
EENMAAL, ANDERMAAL;VTM;2025-06-10;1269.0;55.0;296777;11;daily;north
FAMILIE;VTM;2025-06-10;1236.0;25.0;600804;5;daily;north
GOOISCHE VROUWEN;VTM;2025-06-10;1341.0;48.0;193640;19;daily;north
MILO;VTM;2025-06-10;1204.0;24.0;438354;8;daily;north
NIEUWS 13U VTM;VTM;2025-06-10;780.0;27.0;239635;17;daily;north
NIEUWS 19U VTM;VTM;2025-06-10;1140.0;52.0;592671;6;daily;north
VLAAMSE CAMPINGS IN HET BUITENLAND;VTM2;2025-06-10;1299.0;43.0;260733;12;daily;north
VIVA LA FETA;PLAY4;2025-06-11;1275.0;53.0;525539;6;daily;north
BLOKKEN;VRT 1;2025-06-11;1110.0;28.0;503885;7;daily;north
DAGELIJKSE KOST;VRT 1;2025-06-11;1093.0;16.0;298898;12;daily;north
DE PLAYLIST;VRT 1;2025-06-11;1054.0;31.0;172660;20;daily;north
HET 1 UUR-JOURNAAL;VRT 1;2025-06-11;780.0;29.0;343271;10;daily;north
HET 7 UUR-JOURNAAL;VRT 1;2025-06-11;1140.0;47.0;741654;3;daily;north
HET JOURNAAL LAAT;VRT 1;2025-06-11;1346.0;28.0;231147;14;daily;north
IEDEREEN BEROEMD;VRT 1;2025-06-11;1188.0;22.0;590248;4;daily;north
ONS HUIS, NIEUW HUIS;VRT 1;2025-06-11;1243.0;64.0;742708;2;daily;north
THUIS;VRT 1;2025-06-11;1219.0;23.0;941571;1;daily;north
WIELRENNEN. CRITERIUM DU DAUPHINE - RIT 4 CHARMES-SUR-RHONE>SAINT-PERAY;VRT 1;2025-06-11;955.0;97.0;216602;15;daily;north
CAMPUS CUP;VRT CANVAS;2025-06-11;1330.0;49.0;302563;11;daily;north
DE AFSPRAAK;VRT CANVAS;2025-06-11;1233.0;48.0;202765;17;daily;north
TER ZAKE;VRT CANVAS;2025-06-11;1200.0;30.0;206194;16;daily;north
DE GEVAARLIJKSTE JOBS VAN VLAANDEREN;VTM;2025-06-11;1278.0;48.0;197344;18;daily;north
FAMILIE;VTM;2025-06-11;1242.0;25.0;532311;5;daily;north
MILO;VTM;2025-06-11;1207.0;26.0;366856;9;daily;north
NIEUWS 13U VTM;VTM;2025-06-11;780.0;31.0;180399;19;daily;north
NIEUWS 19U VTM;VTM;2025-06-11;1140.0;55.0;442422;8;daily;north
EEN ECHTE JOB, VROEDVROUW AN;VTM2;2025-06-11;1292.0;51.0;293576;13;daily;north
JUNIOR BAKE OFF VLAANDEREN;PLAY4;2025-06-12;1275.0;43.0;208662;15;daily;north
112 HULP IS ONDERWEG;VRT 1;2025-06-12;1292.0;44.0;227440;13;daily;north
BLOKKEN;VRT 1;2025-06-12;1109.0;28.0;399165;7;daily;north
DAGELIJKSE KOST;VRT 1;2025-06-12;1091.0;16.0;201508;16;daily;north
HET 1 UUR-JOURNAAL;VRT 1;2025-06-12;780.0;36.0;276829;10;daily;north
HET 7 UUR-JOURNAAL;VRT 1;2025-06-12;1140.0;46.0;720636;2;daily;north
HET JOURNAAL LAAT;VRT 1;2025-06-12;1339.0;29.0;235796;11;daily;north
IEDEREEN BEROEMD;VRT 1;2025-06-12;1187.0;24.0;537404;4;daily;north
THUIS;VRT 1;2025-06-12;1217.0;24.0;893431;1;daily;north
WIELRENNEN. CRITERIUM DU DAUPHINE - RIT 5 SAINT-PRIEST>MACON;VRT 1;2025-06-12;954.0;94.0;234999;12;daily;north
WONDER BOVEN WONDER;VRT 1;2025-06-12;1242.0;47.0;422443;6;daily;north
CAMPUS CUP;VRT CANVAS;2025-06-12;1343.0;48.0;281514;9;daily;north
DE AFSPRAAK;VRT CANVAS;2025-06-12;1237.0;51.0;171904;19;daily;north
DE BUURTPOLITIE, DE KLOK TIKT;VTM;2025-06-12;1106.0;22.0;142488;20;daily;north
FAMILIE;VTM;2025-06-12;1238.0;24.0;540112;3;daily;north
FAMILIES XXL;VTM;2025-06-12;1270.0;53.0;218587;14;daily;north
GOOISCHE VROUWEN;VTM;2025-06-12;1339.0;44.0;182704;18;daily;north
MILO;VTM;2025-06-12;1207.0;23.0;382371;8;daily;north
NIEUWS 13U VTM;VTM;2025-06-12;780.0;28.0;200129;17;daily;north
NIEUWS 19U VTM;VTM;2025-06-12;1140.0;57.0;492019;5;daily;north
CHATEAU MEILAND LA DOLCE VITA;PLAY4;2025-06-13;1240.0;38.0;174965;15;daily;north
BLOKKEN;VRT 1;2025-06-13;1109.0;28.0;450398;6;daily;north
DAGELIJKSE KOST;VRT 1;2025-06-13;1091.0;15.0;204248;14;daily;north
DE PLAYLIST;VRT 1;2025-06-13;1050.0;30.0;141694;20;daily;north
HET 1 UUR-JOURNAAL;VRT 1;2025-06-13;780.0;38.0;371755;8;daily;north
HET 7 UUR-JOURNAAL;VRT 1;2025-06-13;1140.0;53.0;671920;2;daily;north
HET JOURNAAL LAAT;VRT 1;2025-06-13;1335.0;31.0;214454;12;daily;north
IEDEREEN BEROEMD;VRT 1;2025-06-13;1195.0;21.0;470846;4;daily;north
LA VIE EN ROSE;VRT 1;2025-06-13;1251.0;47.0;345387;10;daily;north
SALAMANDER;VRT 1;2025-06-13;1373.0;47.0;150804;19;daily;north
THUIS;VRT 1;2025-06-13;1222.0;24.0;924087;1;daily;north
WIELRENNEN. CRITERIUM DU DAUPHINE - RIT 6 VALSERHONE>COMBLOUX;VRT 1;2025-06-13;954.0;93.0;348116;9;daily;north
DE AFSPRAAK;VRT CANVAS;2025-06-13;1238.0;55.0;212013;13;daily;north
MURDER IN PROVENCE;VRT CANVAS;2025-06-13;1296.0;88.0;263230;11;daily;north
TER ZAKE;VRT CANVAS;2025-06-13;1200.0;34.0;166976;16;daily;north
FAMILIE;VTM;2025-06-13;1245.0;48.0;475222;3;daily;north
LILI EN MARLEEN;VTM;2025-06-13;1207.0;30.0;376863;7;daily;north
NIEUWS 13U VTM;VTM;2025-06-13;780.0;28.0;157309;18;daily;north
NIEUWS 19U VTM;VTM;2025-06-13;1140.0;54.0;455930;5;daily;north
PIRATES OF THE CARIBBEAN, THE CURSE OF THE BLACK PEARL;VTM;2025-06-13;1310.0;128.0;160809;17;daily;north
THE TENDER BAR;PLAY4;2025-06-14;1230.0;99.0;89987;20;daily;north
CHANTAL;VRT 1;2025-06-14;1253.0;45.0;336070;7;daily;north
DE JAREN 80 VOOR TIENERS;VRT 1;2025-06-14;1299.0;56.0;249047;11;daily;north
DE MARKT;VRT 1;2025-06-14;749.0;29.0;138839;16;daily;north
DE MOSTERD VAN MEUS;VRT 1;2025-06-14;821.0;52.0;138913;15;daily;north
FC DE KAMPIOENEN;VRT 1;2025-06-14;1222.0;27.0;439995;2;daily;north
HET 1 UUR-JOURNAAL;VRT 1;2025-06-14;780.0;33.0;396493;5;daily;north
HET 7 UUR-JOURNAAL;VRT 1;2025-06-14;1140.0;38.0;586813;1;daily;north
HET JOURNAAL LAAT;VRT 1;2025-06-14;1357.0;18.0;233373;12;daily;north
IEDEREEN BEROEMD;VRT 1;2025-06-14;1189.0;31.0;262881;10;daily;north
ONS HUIS, NIEUW HUIS;VRT 1;2025-06-14;1384.0;64.0;107533;18;daily;north
WIELRENNEN. CRITERIUM DU DAUPHINE - RIT 7 GRAND-AIGUEBLANCHE>VALMEINIER 1800;VRT 1;2025-06-14;905.0;86.0;405787;3;daily;north
WIELRENNEN. DWARS DOOR HAGELAND D. (S.);VRT 1;2025-06-14;1119.0;18.0;324684;9;daily;north
WIELRENNEN. DWARS DOOR HAGELAND H.;VRT 1;2025-06-14;991.0;128.0;327673;8;daily;north
BASKET. VRIEND D. - BELGIE/DUITSLAND;VRT CANVAS;2025-06-14;1202.0;120.0;99877;19;daily;north
LILI EN MARLEEN;VTM;2025-06-14;1199.0;27.0;399174;4;daily;north
NIEUWS 13U VTM;VTM;2025-06-14;780.0;28.0;214321;14;daily;north
NIEUWS 19U VTM;VTM;2025-06-14;1140.0;46.0;377965;6;daily;north
WHITNEY HOUSTON, I WANNA DANCE WITH SOMEBODY;VTM;2025-06-14;1237.0;132.0;218289;13;daily;north
HAYWIRE;VTM3;2025-06-14;1236.0;83.0;120982;17;daily;north
NCIS;PLAY5;2025-06-15;1225.0;41.0;142502;19;daily;north
CHATEAU PLANCKAERT;VRT 1;2025-06-15;1205.0;42.0;841279;1;daily;north
DAGELIJKSE KOST;VRT 1;2025-06-15;1091.0;45.0;204994;14;daily;north
DE ZEVENDE DAG;VRT 1;2025-06-15;660.0;117.0;253987;11;daily;north
EDDY MERCKX, DE GROOTSTE ALLER TIJDEN;VRT 1;2025-06-15;1311.0;84.0;455070;7;daily;north
HET 1 UUR-JOURNAAL;VRT 1;2025-06-15;780.0;30.0;390652;8;daily;north
HET 7 UUR-JOURNAAL;VRT 1;2025-06-15;1140.0;23.0;711535;2;daily;north
HET JOURNAAL LAAT;VRT 1;2025-06-15;1397.0;16.0;161186;17;daily;north
IEDEREEN BEROEMD;VRT 1;2025-06-15;815.0;31.0;166632;15;daily;north
SPORTWEEKEND;VRT 1;2025-06-15;1163.0;34.0;565006;4;daily;north
VIVE LE VELO, LEVE EDDY;VRT 1;2025-06-15;1249.0;60.0;630709;3;daily;north
WIELRENNEN. CRITERIUM DU DAUPHINE - RIT 8 VAL D'ARC VAL CENIS>PLATEAU DU MON;VRT 1;2025-06-15;955.0;95.0;388061;9;daily;north
WIELRENNEN. LOTTO BELGIUM CUP;VRT 1;2025-06-15;846.0;109.0;245662;12;daily;north
HACKS;VRT CANVAS;2025-06-15;1200.0;27.0;113989;20;daily;north
ALLES MAG WEG;VTM;2025-06-15;1305.0;51.0;208248;13;daily;north
LILI EN MARLEEN;VTM;2025-06-15;1201.0;31.0;352729;10;daily;north
MEDISCH CENTRUM WEST;VTM;2025-06-15;1242.0;45.0;455843;6;daily;north
NIEUWS 13U VTM;VTM;2025-06-15;780.0;42.0;162513;16;daily;north
NIEUWS 19U VTM;VTM;2025-06-15;1140.0;49.0;513213;5;daily;north
ZE ZEGGEN DAT;VTM;2025-06-15;1375.0;56.0;155814;18;daily;north
DAGELIJKSE KOST;VRT 1;2025-06-16;1092.0;15.0;237940;15;daily;north
HET 1 UUR-JOURNAAL;VRT 1;2025-06-16;780.0;24.0;320668;12;daily;north
HET JOURNAAL LAAT;VRT 1;2025-06-16;1327.0;31.0;313272;13;daily;north
CAMPUS CUP;VRT CANVAS;2025-06-16;1332.0;49.0;308567;14;daily;north
DE AFSPRAAK;VRT CANVAS;2025-06-16;1234.0;52.0;227587;16;daily;north
TER ZAKE;VRT CANVAS;2025-06-16;1200.0;30.0;183089;18;daily;north
THE AMERICAS;VRT CANVAS;2025-06-16;1288.0;42.0;182243;19;daily;north
MILO;VTM;2025-06-16;1209.0;24.0;418104;11;daily;north
NIEUWS 13U VTM;VTM;2025-06-16;780.0;19.0;204307;17;daily;north
BLOKKEN;VRT 1;2025-06-17;1109.0;29.0;429524;7;daily;north
DAGELIJKSE KOST;VRT 1;2025-06-17;1091.0;15.0;209013;17;daily;north
HET 1 UUR-JOURNAAL;VRT 1;2025-06-17;780.0;35.0;363139;9;daily;north
HET 7 UUR-JOURNAAL;VRT 1;2025-06-17;1140.0;49.0;763604;2;daily;north
HET GOEIE LEVEN;VRT 1;2025-06-17;1293.0;49.0;287925;12;daily;north
HET JOURNAAL LAAT;VRT 1;2025-06-17;1345.0;28.0;258880;13;daily;north
IEDEREEN BEROEMD;VRT 1;2025-06-17;1192.0;21.0;534438;6;daily;north
MET DE WIND MEE;VRT 1;2025-06-17;1247.0;43.0;654483;3;daily;north
THUIS;VRT 1;2025-06-17;1219.0;26.0;919742;1;daily;north
CAMPUS CUP;VRT CANVAS;2025-06-17;1330.0;52.0;322649;10;daily;north
DE AFSPRAAK;VRT CANVAS;2025-06-17;1236.0;50.0;175894;18;daily;north
TER ZAKE;VRT CANVAS;2025-06-17;1200.0;32.0;213176;15;daily;north
THERAPIE;VRT CANVAS;2025-06-17;1287.0;40.0;162700;20;daily;north
EENMAAL, ANDERMAAL;VTM;2025-06-17;1273.0;55.0;312306;11;daily;north
FAMILIE;VTM;2025-06-17;1239.0;26.0;576612;4;daily;north
GOOISCHE VROUWEN;VTM;2025-06-17;1345.0;45.0;172529;19;daily;north
MILO;VTM;2025-06-17;1209.0;23.0;383410;8;daily;north
NIEUWS 13U VTM;VTM;2025-06-17;780.0;29.0;218722;14;daily;north
NIEUWS 19U VTM;VTM;2025-06-17;1140.0;57.0;540476;5;daily;north
VLAAMSE CAMPINGS IN HET BUITENLAND;VTM2;2025-06-17;1296.0;42.0;212996;16;daily;north
BLOKKEN;VRT 1;2025-06-18;1109.0;28.0;442336;7;daily;north
DAGELIJKSE KOST;VRT 1;2025-06-18;1090.0;16.0;217181;14;daily;north
FRANCISCO DESIR;VRT 1;2025-06-18;1310.0;37.0;202674;16;daily;north
HET 1 UUR-JOURNAAL;VRT 1;2025-06-18;780.0;28.0;304263;10;daily;north
HET 7 UUR-JOURNAAL;VRT 1;2025-06-18;1140.0;44.0;677433;3;daily;north
HET JOURNAAL LAAT;VRT 1;2025-06-18;1350.0;31.0;199442;17;daily;north
IEDEREEN BEROEMD;VRT 1;2025-06-18;1187.0;20.0;506443;5;daily;north
ONS HUIS, NIEUW HUIS;VRT 1;2025-06-18;1245.0;63.0;684065;2;daily;north
THUIS;VRT 1;2025-06-18;1217.0;26.0;985528;1;daily;north
VLAANDEREN VAKANTIELAND;VRT 1;2025-06-18;1061.0;19.0;166309;20;daily;north
WIELRENNEN. BALOISE BELGIUM TOUR - RIT 1 MERELBEKE-MELLE>KNOKKE-HEIST;VRT 1;2025-06-18;930.0;128.0;232443;12;daily;north
CAMPUS CUP;VRT CANVAS;2025-06-18;1333.0;49.0;344379;8;daily;north
DE AFSPRAAK;VRT CANVAS;2025-06-18;1237.0;47.0;214722;15;daily;north
TER ZAKE;VRT CANVAS;2025-06-18;1200.0;33.0;186546;18;daily;north
DE GEVAARLIJKSTE JOBS VAN VLAANDEREN;VTM;2025-06-18;1274.0;48.0;181133;19;daily;north
FAMILIE;VTM;2025-06-18;1238.0;25.0;555505;4;daily;north
MILO;VTM;2025-06-18;1206.0;24.0;331092;9;daily;north
NIEUWS 13U VTM;VTM;2025-06-18;780.0;32.0;224232;13;daily;north
NIEUWS 19U VTM;VTM;2025-06-18;1140.0;54.0;496076;6;daily;north
EEN ECHTE JOB, VROEDVROUW AN;VTM2;2025-06-18;1289.0;51.0;240029;11;daily;north
JUNIOR BAKE OFF VLAANDEREN;PLAY4;2025-06-19;1275.0;40.0;220347;13;daily;north
BASKET. EK. D. - BELGIE/PORTUGAL;VRT 1;2025-06-19;1259.0;122.0;360168;7;daily;north
BLOKKEN;VRT 1;2025-06-19;1109.0;28.0;463051;5;daily;north
DAGELIJKSE KOST;VRT 1;2025-06-19;1091.0;15.0;199472;16;daily;north
HET 1 UUR-JOURNAAL;VRT 1;2025-06-19;780.0;29.0;306483;9;daily;north
HET 7 UUR-JOURNAAL;VRT 1;2025-06-19;1140.0;48.0;607888;2;daily;north
HET JOURNAAL LAAT;VRT 1;2025-06-19;1382.0;31.0;208101;14;daily;north
THUIS;VRT 1;2025-06-19;1210.0;26.0;928158;1;daily;north
VLAANDEREN VAKANTIELAND;VRT 1;2025-06-19;1064.0;19.0;170103;18;daily;north
WIELRENNEN. BALOISE BELGIUM TOUR - RIT 2 BERINGEN>PUTTE;VRT 1;2025-06-19;931.0;123.0;227821;12;daily;north
50 JAAR ROCK WERCHTER;VRT CANVAS;2025-06-19;1290.0;46.0;236993;11;daily;north
CAMPUS CUP;VRT CANVAS;2025-06-19;1337.0;50.0;331707;8;daily;north
DE AFSPRAAK;VRT CANVAS;2025-06-19;1240.0;48.0;199939;15;daily;north
TER ZAKE;VRT CANVAS;2025-06-19;1200.0;36.0;163493;19;daily;north
FAMILIE;VTM;2025-06-19;1241.0;25.0;557727;3;daily;north
FAMILIES XXL;VTM;2025-06-19;1275.0;52.0;178309;17;daily;north
GOOISCHE VROUWEN;VTM;2025-06-19;1338.0;48.0;160789;20;daily;north
MILO;VTM;2025-06-19;1207.0;26.0;371680;6;daily;north
NIEUWS 13U VTM;VTM;2025-06-19;780.0;29.0;240267;10;daily;north
NIEUWS 19U VTM;VTM;2025-06-19;1140.0;56.0;505568;4;daily;north
BLIND GEKOCHT;PLAY4;2025-06-20;1297.0;58.0;116417;19;daily;north
CHATEAU MEILAND LA DOLCE VITA;PLAY4;2025-06-20;1240.0;39.0;160988;14;daily;north
BASKET. EK. D. - MONTENEGRO/BELGIE;VRT 1;2025-06-20;1236.0;93.0;276377;8;daily;north
BLOKKEN;VRT 1;2025-06-20;1109.0;28.0;363447;7;daily;north
DAGELIJKSE KOST;VRT 1;2025-06-20;1091.0;15.0;221761;9;daily;north
DE PLAYLIST;VRT 1;2025-06-20;1052.0;29.0;118675;18;daily;north
HET 1 UUR-JOURNAAL;VRT 1;2025-06-20;780.0;28.0;394005;5;daily;north
HET 7 UUR-JOURNAAL;VRT 1;2025-06-20;1140.0;45.0;605234;2;daily;north
HET JOURNAAL LAAT;VRT 1;2025-06-20;1337.0;29.0;192467;11;daily;north
THUIS;VRT 1;2025-06-20;1208.0;26.0;915712;1;daily;north
WIELRENNEN. BALOISE BELGIUM TOUR;VRT 1;2025-06-20;930.0;118.0;156852;15;daily;north
DE AFSPRAAK;VRT CANVAS;2025-06-20;1238.0;53.0;192416;12;daily;north
MURDER IN PROVENCE;VRT CANVAS;2025-06-20;1294.0;88.0;177731;13;daily;north
TER ZAKE;VRT CANVAS;2025-06-20;1200.0;34.0;137361;16;daily;north
FAMILIE;VTM;2025-06-20;1239.0;49.0;452355;3;daily;north
LILI EN MARLEEN;VTM;2025-06-20;1204.0;29.0;367029;6;daily;north
NIEUWS 13U VTM;VTM;2025-06-20;780.0;26.0;206917;10;daily;north
NIEUWS 19U VTM;VTM;2025-06-20;1140.0;53.0;403817;4;daily;north
THE TRANSPORTER REFUELED;VTM2;2025-06-20;1239.0;86.0;102447;20;daily;north
ASPE;VTM3;2025-06-20;1238.0;85.0;136292;17;daily;north
THIRTIEN LIVES;PLAY4;2025-06-21;1230.0;133.0;98997;18;daily;north
ANDERMANS ZAKEN;VRT 1;2025-06-21;817.0;50.0;136123;14;daily;north
CHANTAL;VRT 1;2025-06-21;1258.0;44.0;307150;6;daily;north
DAGELIJKSE KOST;VRT 1;2025-06-21;868.0;46.0;95218;20;daily;north
DE JAREN 80 VOOR TIENERS;VRT 1;2025-06-21;1303.0;57.0;214297;10;daily;north
DE MARKT;VRT 1;2025-06-21;753.0;23.0;120318;15;daily;north
DOWN THE ROAD;VRT 1;2025-06-21;1086.0;51.0;96460;19;daily;north
FC DE KAMPIOENEN;VRT 1;2025-06-21;1223.0;31.0;417400;2;daily;north
HET 1 UUR-JOURNAAL;VRT 1;2025-06-21;780.0;31.0;311334;5;daily;north
HET 7 UUR-JOURNAAL;VRT 1;2025-06-21;1140.0;38.0;518652;1;daily;north
HET JOURNAAL LAAT;VRT 1;2025-06-21;1361.0;15.0;204404;12;daily;north
IEDEREEN BEROEMD;VRT 1;2025-06-21;1188.0;31.0;236307;9;daily;north
ONS HUIS, NIEUW HUIS;VRT 1;2025-06-21;1387.0;63.0;116741;16;daily;north
WIELRENNEN. BALOISE BELGIUM TOUR;VRT 1;2025-06-21;915.0;140.0;285021;8;daily;north
GRONDSTOFFENJAGERS IN GROENLAND;VRT CANVAS;2025-06-21;1210.0;27.0;108239;17;daily;north
PLATFORM 7;VRT CANVAS;2025-06-21;1240.0;44.0;141714;13;daily;north
LILI EN MARLEEN;VTM;2025-06-21;1196.0;28.0;369910;3;daily;north
MULAN;VTM;2025-06-21;1235.0;103.0;298519;7;daily;north
NIEUWS 13U VTM;VTM;2025-06-21;780.0;26.0;213406;11;daily;north
NIEUWS 19U VTM;VTM;2025-06-21;1140.0;44.0;348110;4;daily;north
GEUBELS EN DE BELGEN;PLAY4;2025-06-22;1230.0;31.0;137282;19;daily;north
NCIS;PLAY5;2025-06-22;1225.0;41.0;154870;17;daily;north
BASKET. EK. D. - BELGIE/TSJECHIE;VRT 1;2025-06-22;1042.0;94.0;342582;10;daily;north
BOOMER;VRT 1;2025-06-22;1236.0;24.0;407126;7;daily;north
DE ZEVENDE DAG;VRT 1;2025-06-22;660.0;117.0;297447;12;daily;north
HET 1 UUR-JOURNAAL;VRT 1;2025-06-22;780.0;25.0;424000;6;daily;north
HET 7 UUR-JOURNAAL;VRT 1;2025-06-22;1140.0;34.0;819604;1;daily;north
HET JOURNAAL LAAT;VRT 1;2025-06-22;1350.0;19.0;286540;13;daily;north
ONZE NATUUR;VRT 1;2025-06-22;1262.0;85.0;253585;14;daily;north
SPORTWEEKEND;VRT 1;2025-06-22;1174.0;29.0;635828;2;daily;north
THE ZOO;VRT 1;2025-06-22;1211.0;22.0;361886;8;daily;north
WIELRENNEN. BALOISE BELGIUM TOUR - RIT 5 BRUSSEL>BRUSSEL;VRT 1;2025-06-22;900.0;127.0;324478;11;daily;north
BASKET. EK. D. - BELGIE/TSJECHIE;VRT CANVAS;2025-06-22;1130.0;30.0;154358;18;daily;north
HACKS;VRT CANVAS;2025-06-22;1239.0;27.0;130816;20;daily;north
TER ZAKE;VRT CANVAS;2025-06-22;1200.0;34.0;224519;15;daily;north
ALLES MAG WEG;VTM;2025-06-22;1298.0;50.0;187064;16;daily;north
LILI EN MARLEEN;VTM;2025-06-22;1201.0;29.0;435298;4;daily;north
MEDISCH CENTRUM WEST;VTM;2025-06-22;1239.0;43.0;430103;5;daily;north
NIEUWS 13U VTM;VTM;2025-06-22;780.0;42.0;358527;9;daily;north
NIEUWS 19U VTM;VTM;2025-06-22;1140.0;49.0;471431;3;daily;north
HET 1 UUR-JOURNAAL;VRT 1;2025-06-23;780.0;26.0;420034;11;daily;north
HET JOURNAAL LAAT;VRT 1;2025-06-23;1297.0;52.0;439425;10;daily;north
IEDEREEN ZOMERT;VRT 1;2025-06-23;1190.0;21.0;586949;6;daily;north
LA VIE EN ROSE;VRT 1;2025-06-23;1402.0;48.0;166601;20;daily;north
RECHT OP RECHT;VRT 1;2025-06-23;1025.0;55.0;184460;19;daily;north
CAMPUS CUP;VRT CANVAS;2025-06-23;1332.0;51.0;326315;13;daily;north
DE AFSPRAAK;VRT CANVAS;2025-06-23;1236.0;52.0;194865;18;daily;north
TER ZAKE;VRT CANVAS;2025-06-23;1200.0;33.0;277272;14;daily;north
THE AMERICAS;VRT CANVAS;2025-06-23;1289.0;42.0;195797;17;daily;north
B&B ZOEKT LIEF;VTM;2025-06-23;1211.0;28.0;454347;9;daily;north
NIEUWS 13U VTM;VTM;2025-06-23;780.0;29.0;243912;15;daily;north
ZE ZEGGEN DAT;VTM;2025-06-23;1277.0;50.0;243238;16;daily;north
BLOKKEN;VRT 1;2025-06-24;1109.0;28.0;500024;6;daily;north
DAGELIJKSE KOST;VRT 1;2025-06-24;1091.0;15.0;256664;13;daily;north
HET 1 UUR-JOURNAAL;VRT 1;2025-06-24;780.0;29.0;379245;8;daily;north
HET 7 UUR-JOURNAAL;VRT 1;2025-06-24;1140.0;47.0;790831;2;daily;north
HET GOEIE LEVEN;VRT 1;2025-06-24;1247.0;47.0;306887;11;daily;north
HET JOURNAAL LAAT;VRT 1;2025-06-24;1344.0;28.0;258635;12;daily;north
IEDEREEN ZOMERT;VRT 1;2025-06-24;1191.0;21.0;559560;4;daily;north
POLITIE 24/7;VRT 1;2025-06-24;1296.0;45.0;209873;16;daily;north
RECHT OP RECHT;VRT 1;2025-06-24;1029.0;52.0;177696;19;daily;north
THUIS;VRT 1;2025-06-24;1219.0;26.0;948922;1;daily;north
CAMPUS CUP;VRT CANVAS;2025-06-24;1334.0;53.0;325238;9;daily;north
DE AFSPRAAK;VRT CANVAS;2025-06-24;1239.0;49.0;219043;15;daily;north
TER ZAKE;VRT CANVAS;2025-06-24;1200.0;35.0;183773;18;daily;north
THERAPIE;VRT CANVAS;2025-06-24;1290.0;42.0;158630;20;daily;north
B&B ZOEKT LIEF;VTM;2025-06-24;1208.0;26.0;436254;7;daily;north
EENMAAL, ANDERMAAL;VTM;2025-06-24;1272.0;53.0;311334;10;daily;north
FAMILIE;VTM;2025-06-24;1238.0;26.0;589983;3;daily;north
NIEUWS 13U VTM;VTM;2025-06-24;780.0;29.0;205430;17;daily;north
NIEUWS 19U VTM;VTM;2025-06-24;1140.0;57.0;518567;5;daily;north
VLAAMSE CAMPINGS IN HET BUITENLAND;VTM2;2025-06-24;1294.0;43.0;253847;14;daily;north
BLOKKEN;VRT 1;2025-06-25;1108.0;29.0;419585;6;daily;north
DAGELIJKSE KOST;VRT 1;2025-06-25;1091.0;15.0;242124;13;daily;north
FRANCISCO DESIR;VRT 1;2025-06-25;1318.0;36.0;183244;18;daily;north
HET 1 UUR-JOURNAAL;VRT 1;2025-06-25;780.0;29.0;368807;8;daily;north
HET 7 UUR-JOURNAAL;VRT 1;2025-06-25;1140.0;47.0;640387;2;daily;north
HET HUIS;VRT 1;2025-06-25;1249.0;66.0;227251;16;daily;north
HET JOURNAAL LAAT;VRT 1;2025-06-25;1357.0;31.0;239965;15;daily;north
IEDEREEN ZOMERT;VRT 1;2025-06-25;1190.0;23.0;405434;7;daily;north
RECHT OP RECHT;VRT 1;2025-06-25;1020.0;62.0;193176;17;daily;north
THUIS;VRT 1;2025-06-25;1222.0;24.0;885660;1;daily;north
BASKET. EK. 1/4F D. - BELGIE/DUITSLAND;VRT CANVAS;2025-06-25;1164.0;116.0;316111;10;daily;north
CAMPUS CUP;VRT CANVAS;2025-06-25;1326.0;53.0;335212;9;daily;north
TER ZAKE;VRT CANVAS;2025-06-25;1289.0;34.0;262702;11;daily;north
B&B ZOEKT LIEF;VTM;2025-06-25;1209.0;23.0;433877;5;daily;north
DE GEVAARLIJKSTE JOBS VAN VLAANDEREN;VTM;2025-06-25;1269.0;48.0;241499;14;daily;north
FAMILIE;VTM;2025-06-25;1236.0;26.0;589501;3;daily;north
HET HEIZEL DRAMA;VTM;2025-06-25;1329.0;54.0;161674;19;daily;north
NIEUWS 13U VTM;VTM;2025-06-25;780.0;27.0;251360;12;daily;north
NIEUWS 19U VTM;VTM;2025-06-25;1140.0;56.0;526589;4;daily;north
MARRIED AT FIRST SIGHT;VTM2;2025-06-25;1143.0;76.0;139866;20;daily;north
JUNIOR BAKE OFF VLAANDEREN;PLAY4;2025-06-26;1275.0;39.0;224723;15;daily;north
112 HULP IS ONDERWEG;VRT 1;2025-06-26;1295.0;40.0;232345;14;daily;north
BLOKKEN;VRT 1;2025-06-26;1110.0;28.0;577001;5;daily;north
DAGELIJKSE KOST;VRT 1;2025-06-26;1091.0;15.0;270333;11;daily;north
GELD GEZOCHT;VRT 1;2025-06-26;1249.0;45.0;326928;10;daily;north
HET 1 UUR-JOURNAAL;VRT 1;2025-06-26;780.0;33.0;333241;9;daily;north
HET 7 UUR-JOURNAAL;VRT 1;2025-06-26;1140.0;49.0;728078;2;daily;north
HET JOURNAAL LAAT;VRT 1;2025-06-26;1339.0;30.0;215266;17;daily;north
IEDEREEN ZOMERT;VRT 1;2025-06-26;1193.0;21.0;612049;4;daily;north
RECHT OP RECHT;VRT 1;2025-06-26;1026.0;55.0;191378;18;daily;north
THUIS;VRT 1;2025-06-26;1221.0;25.0;959201;1;daily;north
50 JAAR ROCK WERCHTER;VRT CANVAS;2025-06-26;1290.0;51.0;235753;13;daily;north
CAMPUS CUP;VRT CANVAS;2025-06-26;1342.0;54.0;394912;8;daily;north
DE AFSPRAAK;VRT CANVAS;2025-06-26;1235.0;53.0;221498;16;daily;north
B&B ZOEKT LIEF;VTM;2025-06-26;1206.0;25.0;491156;7;daily;north
FAMILIE;VTM;2025-06-26;1236.0;25.0;630125;3;daily;north
FAMILIES XXL;VTM;2025-06-26;1269.0;49.0;157526;20;daily;north
GOOISCHE VROUWEN;VTM;2025-06-26;1331.0;45.0;159524;19;daily;north
NIEUWS 13U VTM;VTM;2025-06-26;780.0;28.0;248115;12;daily;north
NIEUWS 19U VTM;VTM;2025-06-26;1140.0;55.0;541654;6;daily;north
CHATEAU MEILAND LA DOLCE VITA;PLAY4;2025-06-27;1240.0;39.0;169449;18;daily;north
BLOKKEN;VRT 1;2025-06-27;1110.0;29.0;554080;4;daily;north
DAGELIJKSE KOST;VRT 1;2025-06-27;1092.0;16.0;249375;11;daily;north
DE CLUB;VRT 1;2025-06-27;1318.0;34.0;133466;20;daily;north
FLIKKEN MAASTRICHT;VRT 1;2025-06-27;864.0;47.0;179591;16;daily;north
HET 1 UUR-JOURNAAL;VRT 1;2025-06-27;780.0;31.0;335438;9;daily;north
HET 7 UUR-JOURNAAL;VRT 1;2025-06-27;1140.0;48.0;678900;2;daily;north
HET JOURNAAL LAAT;VRT 1;2025-06-27;1353.0;30.0;241094;13;daily;north
IEDEREEN ZOMERT;VRT 1;2025-06-27;1189.0;20.0;433881;5;daily;north
LA VIE EN ROSE;VRT 1;2025-06-27;1268.0;48.0;202019;14;daily;north
SALAMANDER;VRT 1;2025-06-27;1391.0;48.0;137559;19;daily;north
THUIS;VRT 1;2025-06-27;1216.0;49.0;995012;1;daily;north
WIELRENNEN. BK. BRASSCHAAT H.;VRT 1;2025-06-27;924.0;142.0;277948;10;daily;north
BASKET. EK. 1/2F D. - ITALIE/BELGIE;VRT CANVAS;2025-06-27;1170.0;114.0;353971;7;daily;north
MURDER IN PROVENCE;VRT CANVAS;2025-06-27;1328.0;87.0;244405;12;daily;north
TER ZAKE;VRT CANVAS;2025-06-27;1288.0;36.0;191908;15;daily;north
FAMILIE;VTM;2025-06-27;1238.0;43.0;578897;3;daily;north
LILI EN MARLEEN;VTM;2025-06-27;1207.0;27.0;347077;8;daily;north
NIEUWS 13U VTM;VTM;2025-06-27;780.0;32.0;174621;17;daily;north
NIEUWS 19U VTM;VTM;2025-06-27;1140.0;56.0;430504;6;daily;north
GUY RITCHIE'S THE COVENANT;PLAY4;2025-06-28;1230.0;111.0;121006;20;daily;north
CHANTAL;VRT 1;2025-06-28;1260.0;50.0;398710;4;daily;north
DE JAREN 80 VOOR TIENERS;VRT 1;2025-06-28;1312.0;59.0;248044;8;daily;north
DE MARKT;VRT 1;2025-06-28;749.0;28.0;123777;19;daily;north
DOWN THE ROAD;VRT 1;2025-06-28;1088.0;49.0;170637;12;daily;north
FC DE KAMPIOENEN;VRT 1;2025-06-28;1219.0;38.0;490931;2;daily;north
FLIKKEN MAASTRICHT;VRT 1;2025-06-28;883.0;50.0;179634;11;daily;north
HET 1 UUR-JOURNAAL;VRT 1;2025-06-28;780.0;29.0;341579;6;daily;north
HET 7 UUR-JOURNAAL;VRT 1;2025-06-28;1140.0;37.0;560389;1;daily;north
IEDEREEN ZOMERT;VRT 1;2025-06-28;1187.0;29.0;271505;7;daily;north
LA VIE EN ROSE;VRT 1;2025-06-28;816.0;48.0;151450;14;daily;north
RECHT OP RECHT;VRT 1;2025-06-28;1010.0;59.0;167989;13;daily;north
SALAMANDER;VRT 1;2025-06-28;1396.0;47.0;143656;16;daily;north
VLAANDEREN VAKANTIELAND;VRT 1;2025-06-28;864.0;19.0;124061;18;daily;north
CECOT BINNEN DE MUREN;VRT CANVAS;2025-06-28;1209.0;25.0;135931;17;daily;north
PLATFORM 7;VRT CANVAS;2025-06-28;1285.0;47.0;148171;15;daily;north
LILI EN MARLEEN;VTM;2025-06-28;1198.0;23.0;407844;3;daily;north
NIEUWS 13U VTM;VTM;2025-06-28;780.0;30.0;208212;9;daily;north
NIEUWS 19U VTM;VTM;2025-06-28;1140.0;46.0;386664;5;daily;north
THE SUPER MARIO BROS MOVIE;VTM;2025-06-28;1232.0;81.0;193777;10;daily;north
NCIS;PLAY5;2025-06-29;1279.0;41.0;141533;19;daily;north
AUTO. RALLY GRIEKENLAND (S.);VRT 1;2025-06-29;1072.0;18.0;217210;12;daily;north
BASKET. EK. FIN. D. - SPANJE/BELGIE;VRT 1;2025-06-29;1162.0;147.0;825145;1;daily;north
BOOMER;VRT 1;2025-06-29;1317.0;23.0;351290;8;daily;north
DAGELIJKSE KOST;VRT 1;2025-06-29;1111.0;28.0;216042;13;daily;north
DE NOODCENTRALE;VRT 1;2025-06-29;1340.0;37.0;281479;11;daily;north
DE ZEVENDE DAG;VRT 1;2025-06-29;660.0;118.0;196332;15;daily;north
F1. WK. GP. OOSTENRIJK (S.);VRT 1;2025-06-29;1090.0;20.0;213112;14;daily;north
HET 1 UUR-JOURNAAL;VRT 1;2025-06-29;780.0;28.0;313942;10;daily;north
HET 7 UUR-JOURNAAL;VRT 1;2025-06-29;1140.0;22.0;643933;2;daily;north
HET JOURNAAL LAAT;VRT 1;2025-06-29;1378.0;17.0;316359;9;daily;north
WIELRENNEN. BK. BRASSCHAAT D.;VRT 1;2025-06-29;815.0;39.0;429234;4;daily;north
WIELRENNEN. BK. BRASSCHAAT H.;VRT 1;2025-06-29;890.0;136.0;592330;3;daily;north
MIDSOMER MURDERS;VRT CANVAS;2025-06-29;1110.0;88.0;144449;18;daily;north
ALLES MAG WEG;VTM;2025-06-29;1290.0;49.0;174693;17;daily;north
LILI EN MARLEEN;VTM;2025-06-29;1199.0;27.0;366030;7;daily;north
MEDISCH CENTRUM WEST;VTM;2025-06-29;1235.0;39.0;398283;6;daily;north
NIEUWS 13U VTM;VTM;2025-06-29;780.0;40.0;192693;16;daily;north
NIEUWS 19U VTM;VTM;2025-06-29;1140.0;47.0;401385;5;daily;north
TAKEN 3;VTM2;2025-06-29;1233.0;105.0;128032;20;daily;north
BLIND GEKOCHT NL;PLAY4;2025-06-30;1275.0;64.0;209020;16;daily;north
CHATEAU PLANCKAERT;VRT 1;2025-06-30;1101.0;36.0;240196;12;daily;north
DAGELIJKSE KOST;VRT 1;2025-06-30;761.0;16.0;161472;19;daily;north
FIRST DATES;VRT 1;2025-06-30;1295.0;50.0;257366;9;daily;north
FLIKKEN;VRT 1;2025-06-30;1042.0;49.0;243717;11;daily;north
FLIKKEN MAASTRICHT;VRT 1;2025-06-30;946.0;50.0;183974;18;daily;north
HET JOURNAAL LAAT;VRT 1;2025-06-30;1348.0;16.0;254291;10;daily;north
IEDEREEN ZOMERT;VRT 1;2025-06-30;1184.0;20.0;535870;4;daily;north
TER ZAKE;VRT CANVAS;2025-06-30;1200.0;34.0;194802;17;daily;north
THE AMERICAS;VRT CANVAS;2025-06-30;1235.0;42.0;214865;15;daily;north
B&B ZOEKT LIEF;VTM;2025-06-30;1200.0;25.0;518708;5;daily;north
MET VIER IN BED;VTM;2025-06-30;1232.0;42.0;593804;2;daily;north
NIEUWS 13U VTM;VTM;2025-06-30;780.0;33.0;225915;14;daily;north
ELSBETH;PLAY5;2025-07-01;1235.0;41.0;133237;20;daily;north
CHATEAU PLANCKAERT;VRT 1;2025-07-01;1101.0;36.0;271429;11;daily;north
FC DE KAMPIOENEN;VRT 1;2025-07-01;1216.0;35.0;557572;3;daily;north
FLIKKEN;VRT 1;2025-07-01;1041.0;50.0;248858;13;daily;north
FLIKKEN MAASTRICHT;VRT 1;2025-07-01;940.0;48.0;190836;15;daily;north
HET 1 UUR-JOURNAAL;VRT 1;2025-07-01;780.0;29.0;431817;7;daily;north
HET 7 UUR-JOURNAAL;VRT 1;2025-07-01;1140.0;44.0;777192;1;daily;north
HET GOEIE LEVEN;VRT 1;2025-07-01;1253.0;49.0;286330;9;daily;north
HET JOURNAAL LAAT;VRT 1;2025-07-01;1350.0;17.0;256905;12;daily;north
IEDEREEN ZOMERT;VRT 1;2025-07-01;1187.0;20.0;473388;6;daily;north
MET DE WIND MEE;VRT 1;2025-07-01;901.0;36.0;135342;18;daily;north
POLITIE 24/7;VRT 1;2025-07-01;1303.0;44.0;232672;14;daily;north
TER ZAKE;VRT CANVAS;2025-07-01;1200.0;33.0;174416;16;daily;north
B&B ZOEKT LIEF;VTM;2025-07-01;1203.0;26.0;482982;5;daily;north
DE BUURTPOLITIE, DE KLOK TIKT;VTM;2025-07-01;1106.0;22.0;155522;17;daily;north
EENMAAL, ANDERMAAL;VTM;2025-07-01;1285.0;56.0;352980;8;daily;north
MET VIER IN BED;VTM;2025-07-01;1236.0;40.0;502997;4;daily;north
NIEUWS 13U VTM;VTM;2025-07-01;780.0;28.0;280585;10;daily;north
NIEUWS 19U VTM;VTM;2025-07-01;1140.0;51.0;570907;2;daily;north
TELEFACTS ZOMER;VTM;2025-07-01;1358.0;49.0;134752;19;daily;north
CHATEAU PLANCKAERT;VRT 1;2025-07-02;1102.0;35.0;242040;11;daily;north
EVIVA ESPANA;VRT 1;2025-07-02;1000.0;47.0;130745;19;daily;north
FC DE KAMPIOENEN;VRT 1;2025-07-02;1213.0;34.0;548458;5;daily;north
FLIKKEN;VRT 1;2025-07-02;1048.0;45.0;223724;12;daily;north
FLIKKEN MAASTRICHT;VRT 1;2025-07-02;899.0;51.0;210988;13;daily;north
FRANCISCO DESIR;VRT 1;2025-07-02;1314.0;33.0;150339;16;daily;north
HET 1 UUR-JOURNAAL;VRT 1;2025-07-02;780.0;28.0;438523;7;daily;north
HET 7 UUR-JOURNAAL;VRT 1;2025-07-02;1140.0;41.0;829192;1;daily;north
HET HUIS;VRT 1;2025-07-02;1250.0;63.0;334939;8;daily;north
HET JOURNAAL LAAT;VRT 1;2025-07-02;1351.0;16.0;203397;15;daily;north
IEDEREEN ZOMERT;VRT 1;2025-07-02;1183.0;20.0;627887;3;daily;north
TER ZAKE;VRT CANVAS;2025-07-02;1200.0;32.0;206466;14;daily;north
VB. EK. D. SCHIFT - ZWITSERLAND/NOORWEGEN;VRT CANVAS;2025-07-02;1261.0;100.0;144479;17;daily;north
B&B ZOEKT LIEF;VTM;2025-07-02;1196.0;25.0;498176;6;daily;north
DE BUURTPOLITIE, DE KLOK TIKT;VTM;2025-07-02;1104.0;24.0;133923;18;daily;north
DE GEVAARLIJKSTE JOBS VAN VLAANDEREN;VTM;2025-07-02;1273.0;47.0;259291;10;daily;north
MET VIER IN BED;VTM;2025-07-02;1227.0;37.0;628998;2;daily;north
NIEUWS 13U VTM;VTM;2025-07-02;780.0;28.0;314670;9;daily;north
NIEUWS 19U VTM;VTM;2025-07-02;1140.0;45.0;602235;4;daily;north
JURASSIC WORLD;VTM2;2025-07-02;1229.0;110.0;125914;20;daily;north
JUNIOR BAKE OFF VLAANDEREN;PLAY4;2025-07-03;1275.0;44.0;229094;13;daily;north
112 HULP IS ONDERWEG;VRT 1;2025-07-03;1295.0;43.0;262393;10;daily;north
CHATEAU PLANCKAERT;VRT 1;2025-07-03;1101.0;37.0;157692;18;daily;north
FC DE KAMPIOENEN;VRT 1;2025-07-03;1211.0;36.0;446629;5;daily;north
FLIKKEN;VRT 1;2025-07-03;1041.0;51.0;204308;15;daily;north
FLIKKEN MAASTRICHT;VRT 1;2025-07-03;880.0;49.0;168432;16;daily;north
GELD GEZOCHT;VRT 1;2025-07-03;1249.0;44.0;300449;7;daily;north
HET 1 UUR-JOURNAAL;VRT 1;2025-07-03;780.0;29.0;273189;8;daily;north
HET 7 UUR-JOURNAAL;VRT 1;2025-07-03;1140.0;43.0;616162;1;daily;north
HET JOURNAAL LAAT;VRT 1;2025-07-03;1340.0;18.0;269770;9;daily;north
IEDEREEN ZOMERT;VRT 1;2025-07-03;1185.0;19.0;373070;6;daily;north
TER ZAKE;VRT CANVAS;2025-07-03;1217.0;37.0;213229;14;daily;north
VB. EK. D. SCHIFT;VRT CANVAS;2025-07-03;1050.0;23.0;158512;17;daily;north
VB. EK. D. SCHIFT - BELGIE/ITALIE;VRT CANVAS;2025-07-03;1082.0;101.0;230370;12;daily;north
B&B ZOEKT LIEF;VTM;2025-07-03;1202.0;26.0;489267;3;daily;north
FAMILIES XXL;VTM;2025-07-03;1285.0;47.0;149571;19;daily;north
MET VIER IN BED;VTM;2025-07-03;1235.0;41.0;545552;2;daily;north
NIEUWS 13U VTM;VTM;2025-07-03;780.0;27.0;251435;11;daily;north
NIEUWS 19U VTM;VTM;2025-07-03;1140.0;52.0;484317;4;daily;north
DE AUGURKEN KONING;VTM2;2025-07-03;1231.0;43.0;127723;20;daily;north
CHATEAU MEILAND LA DOLCE VITA;PLAY4;2025-07-04;1240.0;39.0;194415;12;daily;north
MATLOCK;PLAY5;2025-07-04;1293.0;41.0;139657;18;daily;north
CHATEAU PLANCKAERT;VRT 1;2025-07-04;1103.0;35.0;168032;15;daily;north
FC DE KAMPIOENEN;VRT 1;2025-07-04;1217.0;32.0;456667;4;daily;north
FLIKKEN;VRT 1;2025-07-04;1043.0;51.0;182539;13;daily;north
FLIKKEN MAASTRICHT;VRT 1;2025-07-04;940.0;50.0;181842;14;daily;north
HET 1 UUR-JOURNAAL;VRT 1;2025-07-04;780.0;32.0;270479;9;daily;north
HET 7 UUR-JOURNAAL;VRT 1;2025-07-04;1140.0;46.0;605718;1;daily;north
HET JOURNAAL LAAT;VRT 1;2025-07-04;1369.0;19.0;202806;11;daily;north
IEDEREEN ZOMERT;VRT 1;2025-07-04;1189.0;21.0;400434;6;daily;north
LA VIE EN ROSE;VRT 1;2025-07-04;1319.0;48.0;326501;7;daily;north
SALAMANDER;VRT 1;2025-07-04;1393.0;48.0;129960;20;daily;north
VIVE LE VELO;VRT 1;2025-07-04;1250.0;68.0;499960;2;daily;north
TER ZAKE;VRT CANVAS;2025-07-04;1207.0;33.0;142488;17;daily;north
LILI EN MARLEEN;VTM;2025-07-04;1203.0;26.0;466117;3;daily;north
NIEUWS 13U VTM;VTM;2025-07-04;780.0;32.0;217053;10;daily;north
NIEUWS 19U VTM;VTM;2025-07-04;1140.0;52.0;425493;5;daily;north
PIRATES OF THE CARIBBEAN, ON STRANGER TIDES;VTM;2025-07-04;1303.0;123.0;130476;19;daily;north
TIEN OM TE ZIEN (2025);VTM;2025-07-04;1237.0;48.0;276982;8;daily;north
ASPE;VTM3;2025-07-04;1230.0;87.0;150827;16;daily;north
PULP FICTION;PLAY4;2025-07-05;1230.0;144.0;87179;18;daily;north
DE WEEK VAN BRUZZ;VRT 1;2025-07-05;752.0;26.0;117364;16;daily;north
DIERENDOKTERS 24/7;VRT 1;2025-07-05;1107.0;24.0;211901;11;daily;north
FC DE KAMPIOENEN;VRT 1;2025-07-05;1221.0;26.0;491106;3;daily;north
HET 1 UUR-JOURNAAL;VRT 1;2025-07-05;780.0;27.0;291498;9;daily;north
HET 7 UUR-JOURNAAL;VRT 1;2025-07-05;1140.0;38.0;599802;2;daily;north
HET JOURNAAL LAAT;VRT 1;2025-07-05;1349.0;16.0;211836;12;daily;north
IEDEREEN ZOMERT;VRT 1;2025-07-05;1188.0;31.0;366310;7;daily;north
LOSLOPEND WILD & GEVOGELTE;VRT 1;2025-07-05;1320.0;28.0;337041;8;daily;north
SALAMANDER;VRT 1;2025-07-05;1371.0;48.0;130671;15;daily;north
VIVE LE VELO;VRT 1;2025-07-05;1250.0;69.0;645928;1;daily;north
WIELRENNEN. RONDE VAN FRANKRIJK - RIT 1 LILLE METROPOLE>LILLE METROPOLE;VRT 1;2025-07-05;812.0;283.0;475914;5;daily;north
LILI EN MARLEEN;VTM;2025-07-05;1198.0;27.0;483672;4;daily;north
MARY POPPINS RETURNS;VTM;2025-07-05;1237.0;119.0;288358;10;daily;north
MIJN VADER IS EEN SAUCISSE;VTM;2025-07-05;1383.0;79.0;67598;20;daily;north
NIEUWS 13U VTM;VTM;2025-07-05;780.0;29.0;188996;13;daily;north
NIEUWS 19U VTM;VTM;2025-07-05;1140.0;46.0;450424;6;daily;north
TIEN OM TE ZIEN (2025);VTM;2025-07-05;1071.0;48.0;87814;17;daily;north
BEAST;VTM2;2025-07-05;1231.0;83.0;153538;14;daily;north
NEXT;VTM2;2025-07-05;1342.0;86.0;75110;19;daily;north
GEUBELS EN DE BELGEN;PLAY4;2025-07-06;1230.0;31.0;175028;16;daily;north
NCIS;PLAY5;2025-07-06;1225.0;41.0;199769;15;daily;north
BOOMER;VRT 1;2025-07-06;1225.0;20.0;311131;12;daily;north
DE NOODCENTRALE;VRT 1;2025-07-06;1320.0;35.0;348078;11;daily;north
HET 1 UUR-JOURNAAL;VRT 1;2025-07-06;780.0;26.0;523033;6;daily;north
HET 7 UUR-JOURNAAL;VRT 1;2025-07-06;1140.0;25.0;753811;1;daily;north
HET JOURNAAL LAAT;VRT 1;2025-07-06;1357.0;16.0;234776;14;daily;north
SPORTWEEKEND;VRT 1;2025-07-06;1166.0;29.0;626924;4;daily;north
STANLEY TUCCI SEARCHING FOR ITALY;VRT 1;2025-07-06;1098.0;40.0;384134;10;daily;north
THE ZOO;VRT 1;2025-07-06;1201.0;23.0;452019;8;daily;north
VIVE LE VELO;VRT 1;2025-07-06;1247.0;71.0;666844;2;daily;north
WIELRENNEN. RONDE VAN FRANKRIJK - RIT 2 LAUWIN-PLANQUE>BOULOGNE-SUR-MER;VRT 1;2025-07-06;815.0;280.0;661622;3;daily;north
ZOMERNACHTCONCERT UIT SCHONBRUNN;VRT 1;2025-07-06;610.0;100.0;122028;18;daily;north
ALLES MAG WEG;VTM;2025-07-06;1295.0;48.0;158404;17;daily;north
LILI EN MARLEEN;VTM;2025-07-06;1200.0;28.0;520103;7;daily;north
MEDISCH CENTRUM WEST;VTM;2025-07-06;1237.0;41.0;410036;9;daily;north
NIEUWS 13U VTM;VTM;2025-07-06;780.0;34.0;296990;13;daily;north
NIEUWS 19U VTM;VTM;2025-07-06;1140.0;47.0;554409;5;daily;north
GROTE GEZINNEN, GROTE VAKANTIES;VTM2;2025-07-06;1176.0;41.0;111884;20;daily;north
INDEPENDENCE DAY;VTM2;2025-07-06;1234.0;130.0;121427;19;daily;north
BLIND GEKOCHT NL;PLAY4;2025-07-07;1275.0;64.0;231145;13;daily;north
STUKKEN VAN MENSEN;PLAY4;2025-07-07;1209.0;52.0;132743;19;daily;north
VERMIST;PLAY4;2025-07-07;1354.0;52.0;124000;20;daily;north
CHATEAU PLANCKAERT;VRT 1;2025-07-07;1102.0;35.0;294066;11;daily;north
VIVE LE VELO;VRT 1;2025-07-07;1240.0;77.0;726011;2;daily;north
WIELRENNEN. RONDE VAN FRANKRIJK - RIT 3 VALENCIENNES>DUNKERQUE;VRT 1;2025-07-07;865.0;228.0;489996;8;daily;north
TER ZAKE;VRT CANVAS;2025-07-07;1215.0;35.0;147192;18;daily;north
VB. EK. D. SCHIFT - SPANJE/BELGIE;VRT CANVAS;2025-07-07;1081.0;95.0;160619;17;daily;north
MET VIER IN BED;VTM;2025-07-07;1234.0;42.0;612023;4;daily;north
NIEUWS 13U VTM;VTM;2025-07-07;780.0;28.0;256034;12;daily;north
TELEFACTS ZOMER;VTM;2025-07-07;1348.0;50.0;171034;16;daily;north
ZE ZEGGEN DAT;VTM;2025-07-07;1285.0;48.0;197164;15;daily;north
STUKKEN VAN MENSEN;PLAY4;2025-07-08;1206.0;52.0;127214;17;daily;north
VERMIST;PLAY4;2025-07-08;1339.0;53.0;112574;18;daily;north
CHATEAU PLANCKAERT;VRT 1;2025-07-08;1101.0;36.0;273692;12;daily;north
FC DE KAMPIOENEN;VRT 1;2025-07-08;1212.0;29.0;493842;7;daily;north
HET 1 UUR-JOURNAAL;VRT 1;2025-07-08;780.0;32.0;308642;11;daily;north
HET 7 UUR-JOURNAAL;VRT 1;2025-07-08;1140.0;43.0;735468;1;daily;north
HET GOEIE LEVEN;VRT 1;2025-07-08;1314.0;44.0;310386;10;daily;north
HET JOURNAAL LAAT;VRT 1;2025-07-08;1360.0;18.0;220778;14;daily;north
IEDEREEN ZOMERT;VRT 1;2025-07-08;1185.0;19.0;531323;3;daily;north
VIVE LE VELO;VRT 1;2025-07-08;1243.0;69.0;683813;2;daily;north
WIELRENNEN. RONDE VAN FRANKRIJK - RIT 4 AMIENS METROPOLE>ROUEN;VRT 1;2025-07-08;818.0;267.0;428928;8;daily;north
TER ZAKE;VRT CANVAS;2025-07-08;1205.0;33.0;180891;16;daily;north
B&B ZOEKT LIEF;VTM;2025-07-08;1198.0;27.0;515130;6;daily;north
EEN ECHTE JOB;VTM;2025-07-08;1070.0;53.0;95112;20;daily;north
EENMAAL, ANDERMAAL;VTM;2025-07-08;1279.0;53.0;319218;9;daily;north
MET VIER IN BED;VTM;2025-07-08;1232.0;38.0;525872;5;daily;north
NIEUWS 13U VTM;VTM;2025-07-08;780.0;25.0;257086;13;daily;north
NIEUWS 19U VTM;VTM;2025-07-08;1140.0;46.0;529800;4;daily;north
TELEFACTS ZOMER;VTM;2025-07-08;1348.0;52.0;184035;15;daily;north
STURM DER LIEBE;VTM GOLD;2025-07-08;1085.0;49.0;98509;19;daily;north
DE VERHULSTJES;PLAY4;2025-07-09;1275.0;43.0;121743;17;daily;north
VERMIST;PLAY4;2025-07-09;1334.0;49.0;112588;18;daily;north
RETRIBUTION;PLAY5;2025-07-09;1235.0;82.0;139473;16;daily;north
CHATEAU PLANCKAERT;VRT 1;2025-07-09;1099.0;37.0;278867;10;daily;north
FC DE KAMPIOENEN;VRT 1;2025-07-09;1213.0;31.0;539953;4;daily;north
HET 1 UUR-JOURNAAL;VRT 1;2025-07-09;780.0;24.0;318125;9;daily;north
HET 7 UUR-JOURNAAL;VRT 1;2025-07-09;1140.0;42.0;700560;1;daily;north
HET HUIS;VRT 1;2025-07-09;1322.0;66.0;278530;11;daily;north
HET JOURNAAL LAAT;VRT 1;2025-07-09;1389.0;18.0;210800;12;daily;north
IEDEREEN ZOMERT;VRT 1;2025-07-09;1183.0;21.0;509307;5;daily;north
KLEM;VRT 1;2025-07-09;1414.0;46.0;109518;19;daily;north
VIVE LE VELO;VRT 1;2025-07-09;1246.0;74.0;591850;2;daily;north
WIELRENNEN. RONDE VAN FRANKRIJK - RIT 5 CAEN>CAEN;VRT 1;2025-07-09;850.0;241.0;419515;8;daily;north
TER ZAKE;VRT CANVAS;2025-07-09;1200.0;34.0;154382;15;daily;north
B&B ZOEKT LIEF;VTM;2025-07-09;1200.0;26.0;507674;6;daily;north
DE HAVEN;VTM;2025-07-09;1282.0;52.0;201014;13;daily;north
MET VIER IN BED;VTM;2025-07-09;1234.0;39.0;586243;3;daily;north
NIEUWS 13U VTM;VTM;2025-07-09;780.0;20.0;198258;14;daily;north
NIEUWS 19U VTM;VTM;2025-07-09;1140.0;49.0;498013;7;daily;north
I AM NUMBER FOUR;VTM2;2025-07-09;1232.0;98.0;101388;20;daily;north
STUKKEN VAN MENSEN;PLAY4;2025-07-10;1212.0;48.0;97908;20;daily;north
THE SKY IS THE LIMIT;PLAY4;2025-07-10;1275.0;50.0;122431;18;daily;north
VERMIST;PLAY4;2025-07-10;1343.0;51.0;135338;16;daily;north
TRUTH BE TOLD;PLAY5;2025-07-10;1235.0;44.0;98705;19;daily;north
CHATEAU PLANCKAERT;VRT 1;2025-07-10;1100.0;37.0;262926;11;daily;north
FC DE KAMPIOENEN;VRT 1;2025-07-10;1213.0;35.0;541707;3;daily;north
GELD GEZOCHT;VRT 1;2025-07-10;1320.0;46.0;332759;9;daily;north
HET 1 UUR-JOURNAAL;VRT 1;2025-07-10;780.0;31.0;332338;10;daily;north
HET 7 UUR-JOURNAAL;VRT 1;2025-07-10;1140.0;43.0;731755;1;daily;north
HET JOURNAAL LAAT;VRT 1;2025-07-10;1367.0;18.0;189025;14;daily;north
IEDEREEN ZOMERT;VRT 1;2025-07-10;1185.0;19.0;474419;6;daily;north
VIVE LE VELO;VRT 1;2025-07-10;1250.0;69.0;644406;2;daily;north
WIELRENNEN. RONDE VAN FRANKRIJK - RIT 6 AYEUX>VIRE NORMANDIE;VRT 1;2025-07-10;825.0;254.0;454628;8;daily;north
TER ZAKE;VRT CANVAS;2025-07-10;1200.0;31.0;148340;15;daily;north
B&B ZOEKT LIEF;VTM;2025-07-10;1201.0;29.0;469971;7;daily;north
FAMILIES XXL;VTM;2025-07-10;1285.0;53.0;126936;17;daily;north
MET VIER IN BED;VTM;2025-07-10;1237.0;39.0;523070;4;daily;north
NIEUWS 13U VTM;VTM;2025-07-10;780.0;31.0;209464;13;daily;north
NIEUWS 19U VTM;VTM;2025-07-10;1140.0;49.0;499791;5;daily;north
TELEFACTS ZOMER;VTM;2025-07-10;1357.0;42.0;241459;12;daily;north
CHATEAU MEILAND LA DOLCE VITA;PLAY4;2025-07-11;1240.0;39.0;164688;14;daily;north
MATLOCK;PLAY5;2025-07-11;1235.0;41.0;150822;17;daily;north
CHATEAU PLANCKAERT;VRT 1;2025-07-11;1095.0;42.0;216538;12;daily;north
FC DE KAMPIOENEN;VRT 1;2025-07-11;1209.0;30.0;548210;3;daily;north
FLIKKEN MAASTRICHT;VRT 1;2025-07-11;1036.0;51.0;161518;15;daily;north
HET 1 UUR-JOURNAAL;VRT 1;2025-07-11;780.0;25.0;288109;9;daily;north
HET 7 UUR-JOURNAAL;VRT 1;2025-07-11;1140.0;36.0;622906;2;daily;north
HET JOURNAAL LAAT;VRT 1;2025-07-11;1376.0;17.0;242280;11;daily;north
IEDEREEN ZOMERT;VRT 1;2025-07-11;1178.0;21.0;410305;6;daily;north
SALAMANDER;VRT 1;2025-07-11;1400.0;48.0;122465;19;daily;north
VIVE LE VELO;VRT 1;2025-07-11;1302.0;73.0;540680;4;daily;north
VLAANDEREN FEEST;VRT 1;2025-07-11;1240.0;60.0;694334;1;daily;north
WIELRENNEN. RONDE VAN FRANKRIJK - RIT 7 SAINT-MALO>MUR-DE-BRETAGNE GUERLED;VRT 1;2025-07-11;811.0;221.0;413739;5;daily;north
VB. EK. D. SCHIFT - PORTUGAL/BELGIE;VRT CANVAS;2025-07-11;1262.0;108.0;172819;13;daily;north
LILI EN MARLEEN;VTM;2025-07-11;1197.0;24.0;401631;7;daily;north
NIEUWS 13U VTM;VTM;2025-07-11;780.0;27.0;133181;18;daily;north
NIEUWS 19U VTM;VTM;2025-07-11;1140.0;46.0;361285;8;daily;north
TIEN OM TE ZIEN (2025);VTM;2025-07-11;1230.0;52.0;254807;10;daily;north
THE BOURNE LEGACY;VTM2;2025-07-11;1226.0;121.0;114491;20;daily;north
ASPE;VTM3;2025-07-11;1226.0;82.0;154619;16;daily;north
THE SHAWSHANK REDEMPTION;PLAY4;2025-07-12;1230.0;133.0;112845;16;daily;north
DE MOSTERD VAN MEUS;VRT 1;2025-07-12;812.0;52.0;124447;14;daily;north
DE WEEK VAN BRUZZ;VRT 1;2025-07-12;750.0;28.0;100866;17;daily;north
FC DE KAMPIOENEN;VRT 1;2025-07-12;1221.0;30.0;527330;2;daily;north
HET 1 UUR-JOURNAAL;VRT 1;2025-07-12;780.0;27.0;335607;8;daily;north
HET 7 UUR-JOURNAAL;VRT 1;2025-07-12;1140.0;37.0;504983;3;daily;north
HET JOURNAAL LAAT;VRT 1;2025-07-12;1356.0;17.0;196544;11;daily;north
IEDEREEN ZOMERT;VRT 1;2025-07-12;1187.0;31.0;355978;7;daily;north
LOSLOPEND WILD & GEVOGELTE;VRT 1;2025-07-12;1326.0;28.0;281957;9;daily;north
MARTIN CLUNES, ISLANDS OF THE PACIFIC;VRT 1;2025-07-12;1090.0;46.0;183566;12;daily;north
SALAMANDER;VRT 1;2025-07-12;1380.0;48.0;124285;15;daily;north
VIVE LE VELO;VRT 1;2025-07-12;1252.0;73.0;553959;1;daily;north
WIELRENNEN. RONDE VAN FRANKRIJK - RIT 8 SAINT-MEEN-LE-GRAND>LAVAL ESPACE M;VRT 1;2025-07-12;866.0;200.0;419519;4;daily;north
UN BEAU MATIN;VRT CANVAS;2025-07-12;1381.0;105.0;83954;19;daily;north
VB. EK. D. SCHIFT - ZWEDEN/DUITSLAND;VRT CANVAS;2025-07-12;1260.0;96.0;81614;20;daily;north
LILI EN MARLEEN;VTM;2025-07-12;1195.0;32.0;362608;6;daily;north
NIEUWS 13U VTM;VTM;2025-07-12;780.0;26.0;211286;10;daily;north
NIEUWS 19U VTM;VTM;2025-07-12;1140.0;43.0;404564;5;daily;north
PUSS IN BOOTS;VTM;2025-07-12;1239.0;89.0;151110;13;daily;north
CHAMPIONS;VTM2;2025-07-12;1235.0;115.0;94756;18;daily;north
GEUBELS EN DE BELGEN;PLAY4;2025-07-13;1230.0;32.0;147392;18;daily;north
NCIS;PLAY5;2025-07-13;1225.0;40.0;149477;17;daily;north
BOOMER;VRT 1;2025-07-13;1221.0;21.0;353302;10;daily;north
DE MOSTERD VAN MEUS;VRT 1;2025-07-13;814.0;52.0;208410;13;daily;north
DE NOODCENTRALE;VRT 1;2025-07-13;1319.0;36.0;331017;11;daily;north
HET 1 UUR-JOURNAAL;VRT 1;2025-07-13;780.0;28.0;394721;6;daily;north
HET 7 UUR-JOURNAAL;VRT 1;2025-07-13;1140.0;24.0;635462;1;daily;north
HET JOURNAAL LAAT;VRT 1;2025-07-13;1357.0;16.0;274534;12;daily;north
SPORTWEEKEND;VRT 1;2025-07-13;1164.0;29.0;529593;3;daily;north
STANLEY TUCCI SEARCHING FOR ITALY;VRT 1;2025-07-13;1096.0;40.0;153899;15;daily;north
THE ZOO;VRT 1;2025-07-13;1198.0;22.0;370998;8;daily;north
TWEE ZOMERS;VRT 1;2025-07-13;1379.0;48.0;114776;20;daily;north
VIVE LE VELO;VRT 1;2025-07-13;1244.0;73.0;612087;2;daily;north
WIELRENNEN. RONDE VAN FRANKRIJK - RIT 9 CHINON>CHATEAUROUX;VRT 1;2025-07-13;866.0;185.0;526565;4;daily;north
MIDSOMER MURDERS;VRT CANVAS;2025-07-13;1143.0;89.0;153653;16;daily;north
ALLES MAG WEG;VTM;2025-07-13;1291.0;48.0;135722;19;daily;north
LILI EN MARLEEN;VTM;2025-07-13;1197.0;27.0;460885;5;daily;north
MEDISCH CENTRUM WEST;VTM;2025-07-13;1233.0;41.0;368972;9;daily;north
NIEUWS 13U VTM;VTM;2025-07-13;780.0;35.0;180409;14;daily;north
NIEUWS 19U VTM;VTM;2025-07-13;1140.0;45.0;390485;7;daily;north
BLIND GEKOCHT NL;PLAY4;2025-07-14;1275.0;63.0;199783;15;daily;north
CHATEAU PLANCKAERT;VRT 1;2025-07-14;1093.0;43.0;307418;11;daily;north
KLEM;VRT 1;2025-07-14;1386.0;45.0;102146;20;daily;north
WIELRENNEN. RONDE VAN FRANKRIJK - RIT 10 ENNEZAT>LE MONT-DORE PUY DE SANCY;VRT 1;2025-07-14;815.0;270.0;533547;4;daily;north
TER ZAKE;VRT CANVAS;2025-07-14;1200.0;38.0;127654;18;daily;north
THE AMERICAS;VRT CANVAS;2025-07-14;1240.0;42.0;180168;16;daily;north
NIEUWS 13U VTM;VTM;2025-07-14;780.0;31.0;231778;14;daily;north
TELEFACTS ZOMER;VTM;2025-07-14;1348.0;39.0;309723;10;daily;north
ZE ZEGGEN DAT;VTM;2025-07-14;1283.0;50.0;240841;13;daily;north
STURM DER LIEBE;VTM GOLD;2025-07-14;1086.0;49.0;109512;19;daily;north
WILL TRENT;VTM2;2025-07-14;1282.0;40.0;139041;17;daily;north
CHATEAU PLANCKAERT;VRT 1;2025-07-15;1095.0;42.0;211044;13;daily;north
FC DE KAMPIOENEN;VRT 1;2025-07-15;1210.0;32.0;535759;5;daily;north
FLIKKEN;VRT 1;2025-07-15;1034.0;53.0;187346;15;daily;north
FLIKKEN MAASTRICHT;VRT 1;2025-07-15;955.0;47.0;130051;18;daily;north
HET 1 UUR-JOURNAAL;VRT 1;2025-07-15;780.0;30.0;355631;9;daily;north
HET 7 UUR-JOURNAAL;VRT 1;2025-07-15;1140.0;41.0;733497;1;daily;north
HET GOEIE LEVEN;VRT 1;2025-07-15;1243.0;47.0;357286;8;daily;north
HET HOOGSTE BOD;VRT 1;2025-07-15;1003.0;30.0;104038;20;daily;north
HET JOURNAAL LAAT;VRT 1;2025-07-15;1334.0;19.0;253800;11;daily;north
IEDEREEN ZOMERT;VRT 1;2025-07-15;1183.0;18.0;548270;4;daily;north
KLEM;VRT 1;2025-07-15;1359.0;50.0;108946;19;daily;north
POLITIE 24/7;VRT 1;2025-07-15;1291.0;42.0;225131;12;daily;north
APRES LA PLUIE;VRT CANVAS;2025-07-15;1233.0;83.0;155736;16;daily;north
TER ZAKE;VRT CANVAS;2025-07-15;1200.0;31.0;152380;17;daily;north
B&B ZOEKT LIEF;VTM;2025-07-15;1199.0;26.0;497449;6;daily;north
EENMAAL, ANDERMAAL;VTM;2025-07-15;1279.0;53.0;382241;7;daily;north
MET VIER IN BED;VTM;2025-07-15;1231.0;39.0;597356;2;daily;north
NIEUWS 13U VTM;VTM;2025-07-15;780.0;29.0;193860;14;daily;north
NIEUWS 19U VTM;VTM;2025-07-15;1140.0;47.0;571835;3;daily;north
TELEFACTS ZOMER;VTM;2025-07-15;1347.0;42.0;307330;10;daily;north
DE VERHULSTJES;PLAY4;2025-07-16;1275.0;46.0;140350;18;daily;north
STUKKEN VAN MENSEN;PLAY4;2025-07-16;1204.0;55.0;93946;20;daily;north
VERMIST;PLAY4;2025-07-16;1336.0;49.0;104832;19;daily;north
CHATEAU PLANCKAERT;VRT 1;2025-07-16;1095.0;42.0;232561;13;daily;north
DIERENDOKTERS 24/7;VRT 1;2025-07-16;1060.0;26.0;301515;11;daily;north
FC DE KAMPIOENEN;VRT 1;2025-07-16;1224.0;25.0;630933;5;daily;north
HET 1 UUR-JOURNAAL;VRT 1;2025-07-16;780.0;26.0;379406;10;daily;north
HET 7 UUR-JOURNAAL;VRT 1;2025-07-16;1140.0;44.0;869900;1;daily;north
HET HUIS;VRT 1;2025-07-16;1354.0;68.0;167849;17;daily;north
HET JOURNAAL LAAT;VRT 1;2025-07-16;1336.0;16.0;427184;9;daily;north
IEDEREEN ZOMERT;VRT 1;2025-07-16;1187.0;25.0;547552;7;daily;north
VIVE LE VELO;VRT 1;2025-07-16;1257.0;78.0;706744;2;daily;north
WIELRENNEN. RONDE VAN FRANKRIJK - RIT 11 TOULOUSE>TOULOUSE;VRT 1;2025-07-16;885.0;175.0;517437;8;daily;north
TER ZAKE;VRT CANVAS;2025-07-16;1200.0;31.0;192923;15;daily;north
B&B ZOEKT LIEF;VTM;2025-07-16;1202.0;26.0;548900;6;daily;north
DE HAVEN;VTM;2025-07-16;1298.0;52.0;169280;16;daily;north
MET VIER IN BED;VTM;2025-07-16;1235.0;40.0;668996;3;daily;north
NIEUWS 13U VTM;VTM;2025-07-16;780.0;26.0;259733;12;daily;north
NIEUWS 19U VTM;VTM;2025-07-16;1140.0;51.0;643909;4;daily;north
TELEFACTS ZOMER;VTM;2025-07-16;1363.0;44.0;210383;14;daily;north
THE SKY IS THE LIMIT;PLAY4;2025-07-17;1275.0;51.0;143166;17;daily;north
CHATEAU PLANCKAERT;VRT 1;2025-07-17;1095.0;42.0;310318;10;daily;north
FC DE KAMPIOENEN;VRT 1;2025-07-17;1218.0;35.0;553639;5;daily;north
GELD GEZOCHT;VRT 1;2025-07-17;1333.0;48.0;307462;11;daily;north
HET 1 UUR-JOURNAAL;VRT 1;2025-07-17;780.0;32.0;341045;9;daily;north
HET 7 UUR-JOURNAAL;VRT 1;2025-07-17;1140.0;45.0;720260;1;daily;north
HET JOURNAAL LAAT;VRT 1;2025-07-17;1384.0;18.0;204104;14;daily;north
IEDEREEN ZOMERT;VRT 1;2025-07-17;1187.0;23.0;471055;8;daily;north
KLEM;VRT 1;2025-07-17;1407.0;48.0;98072;20;daily;north
VIVE LE VELO;VRT 1;2025-07-17;1254.0;78.0;662824;2;daily;north
WIELRENNEN. RONDE VAN FRANKRIJK - RIT 12 AUCH>HAUTACAM;VRT 1;2025-07-17;828.0;259.0;554497;4;daily;north
TER ZAKE;VRT CANVAS;2025-07-17;1200.0;35.0;184622;15;daily;north
VB. EK. D. 1/4F - ZWEDEN/ENGELAND;VRT CANVAS;2025-07-17;1260.0;156.0;103575;19;daily;north
B&B ZOEKT LIEF;VTM;2025-07-17;1200.0;26.0;492501;7;daily;north
FAMILIES XXL;VTM;2025-07-17;1281.0;48.0;157781;16;daily;north
MET VIER IN BED;VTM;2025-07-17;1233.0;38.0;572084;3;daily;north
NIEUWS 13U VTM;VTM;2025-07-17;780.0;29.0;248632;12;daily;north
NIEUWS 19U VTM;VTM;2025-07-17;1140.0;49.0;530426;6;daily;north
TELEFACTS ZOMER;VTM;2025-07-17;1346.0;44.0;212332;13;daily;north
STURM DER LIEBE;VTM GOLD;2025-07-17;1085.0;49.0;105904;18;daily;north
CHATEAU MEILAND LA DOLCE VITA;PLAY4;2025-07-18;1240.0;39.0;148989;18;daily;north
MATLOCK;PLAY5;2025-07-18;1235.0;40.0;162080;16;daily;north
CHATEAU PLANCKAERT;VRT 1;2025-07-18;1096.0;42.0;221827;13;daily;north
FC DE KAMPIOENEN;VRT 1;2025-07-18;1218.0;30.0;514391;3;daily;north
HET 1 UUR-JOURNAAL;VRT 1;2025-07-18;780.0;29.0;305975;9;daily;north
HET 7 UUR-JOURNAAL;VRT 1;2025-07-18;1140.0;40.0;649114;1;daily;north
HET JOURNAAL LAAT;VRT 1;2025-07-18;1379.0;19.0;234835;12;daily;north